head=e30694001e3dfb680b2fd66ad0f7292c457a008f
cwd=/workspace/medical-pr77-final-build-20261004/web
command=npm run build
start_utc=2026-10-04T14:16:22.919145+00:00

> react-vite-tailwind@0.0.0 build
> node scripts/run-prebuild.mjs && tsc --noEmit && vite build

Pilot Preview smoke syntax: PASS
Bundled snapshot refreshed with current ranking logic from 75 Tianjin + 716 regional verified canonical records; published opportunities=414; awarded retired=0; award ledger=26; regional events=30; markets=BJ:98,HE:95,HL:118,JL:49,LN:42,TJ:12
test_agnes3_thinking_is_disabled_on_root_and_continuation (test_agnes_async_cache.AgnesAsyncCacheTests.test_agnes3_thinking_is_disabled_on_root_and_continuation) ... ok
test_continuation_contract_is_single_enum_and_versioned_with_root (test_agnes_async_cache.AgnesAsyncCacheTests.test_continuation_contract_is_single_enum_and_versioned_with_root) ... ok
test_continuation_ledger_accepts_v2_segments (test_agnes_async_cache.AgnesAsyncCacheTests.test_continuation_ledger_accepts_v2_segments) ... ok
test_force_ai_replaces_instead_of_merging_ready_cache (test_agnes_async_cache.AgnesAsyncCacheTests.test_force_ai_replaces_instead_of_merging_ready_cache) ... ok
test_multi_scan_does_not_spawn_client_poll_storm (test_agnes_async_cache.AgnesAsyncCacheTests.test_multi_scan_does_not_spawn_client_poll_storm) ... ok
test_pending_does_not_claim_zero_yield_or_merge_findings (test_agnes_async_cache.AgnesAsyncCacheTests.test_pending_does_not_claim_zero_yield_or_merge_findings) ... ok
test_pending_is_explicit_and_never_reused_as_completed_scan (test_agnes_async_cache.AgnesAsyncCacheTests.test_pending_is_explicit_and_never_reused_as_completed_scan) ... ok
test_root_cache_key_is_hashed_and_bound_to_analysis_and_content (test_agnes_async_cache.AgnesAsyncCacheTests.test_root_cache_key_is_hashed_and_bound_to_analysis_and_content) ... ok
test_root_uses_wait_until_runtime_cache_and_longer_background_budget (test_agnes_async_cache.AgnesAsyncCacheTests.test_root_uses_wait_until_runtime_cache_and_longer_background_budget) ... ok
test_client_accepts_source_unavailable_cache_status (test_agnes_cache_source_fallback.AgnesCacheSourceFallbackTests.test_client_accepts_source_unavailable_cache_status) ... ok
test_existing_fingerprint_ready_cache_seeds_latest_resilience_pointer (test_agnes_cache_source_fallback.AgnesCacheSourceFallbackTests.test_existing_fingerprint_ready_cache_seeds_latest_resilience_pointer) ... ok
test_latest_cache_is_revalidated_against_anchor_snapshot (test_agnes_cache_source_fallback.AgnesCacheSourceFallbackTests.test_latest_cache_is_revalidated_against_anchor_snapshot) ... ok
test_latest_ready_cache_is_separate_and_source_bound (test_agnes_cache_source_fallback.AgnesCacheSourceFallbackTests.test_latest_ready_cache_is_separate_and_source_bound) ... ok
test_ready_refresh_persists_anchor_snapshot_and_latest_pointer (test_agnes_cache_source_fallback.AgnesCacheSourceFallbackTests.test_ready_refresh_persists_anchor_snapshot_and_latest_pointer) ... ok
test_source_failure_can_return_latest_ready_cache_but_force_ai_cannot (test_agnes_cache_source_fallback.AgnesCacheSourceFallbackTests.test_source_failure_can_return_latest_ready_cache_but_force_ai_cannot) ... ok
test_anchor_extraction_keeps_only_grounded_official_hosts (test_agnes_discovery.AgnesDiscoveryTests.test_anchor_extraction_keeps_only_grounded_official_hosts) ... ok
test_benchmark_score_rewards_known_recall_and_grounding (test_agnes_discovery.AgnesDiscoveryTests.test_benchmark_score_rewards_known_recall_and_grounding) ... ok
test_parser_rejects_model_invented_url_and_invalid_rows (test_agnes_discovery.AgnesDiscoveryTests.test_parser_rejects_model_invented_url_and_invalid_rows) ... ok
test_prompt_explicitly_excludes_formal_and_result_notices (test_agnes_discovery.AgnesDiscoveryTests.test_prompt_explicitly_excludes_formal_and_result_notices) ... ok
test_benchmark_root_and_continuation_use_the_same_expected_model (test_agnes_model_consistency.AgnesModelConsistencyTests.test_benchmark_root_and_continuation_use_the_same_expected_model) ... ok
test_async_architecture_keeps_model_but_moves_latency_off_request_path (test_agnes_output_contract.AgnesOutputContractTests.test_async_architecture_keeps_model_but_moves_latency_off_request_path) ... ok
test_parser_contract_remains_single_string_and_grounded (test_agnes_output_contract.AgnesOutputContractTests.test_parser_contract_remains_single_string_and_grounded) ... ok
test_prompt_declares_signal_type_as_one_string_enum (test_agnes_output_contract.AgnesOutputContractTests.test_prompt_declares_signal_type_as_one_string_enum) ... ok
test_prompt_does_not_request_redundant_title_and_bounds_reason (test_agnes_output_contract.AgnesOutputContractTests.test_prompt_does_not_request_redundant_title_and_bounds_reason) ... ok
test_client_batches_one_http_request_and_cache_only_hydration (test_ai_batch_cache_v2.AiBatchCacheV2Tests.test_client_batches_one_http_request_and_cache_only_hydration) ... ok
test_server_batch_contract_reuses_durable_public_cache (test_ai_batch_cache_v2.AiBatchCacheV2Tests.test_server_batch_contract_reuses_durable_public_cache) ... ok
test_continuation_get_still_returns_method_not_allowed_before_auth (test_ai_discovery_pilot_auth.AiDiscoveryPilotAuthTests.test_continuation_get_still_returns_method_not_allowed_before_auth) ... ok
test_private_pilot_radar_requires_authenticated_session (test_ai_discovery_pilot_auth.AiDiscoveryPilotAuthTests.test_private_pilot_radar_requires_authenticated_session) ... ok
test_public_demo_keeps_same_origin_radar_without_private_account_dependency (test_ai_discovery_pilot_auth.AiDiscoveryPilotAuthTests.test_public_demo_keeps_same_origin_radar_without_private_account_dependency) ... ok
test_anchor_fingerprint_is_order_independent_so_reordering_does_not_waste_ai (test_ai_discovery_radar_contract.AiDiscoveryRadarContractTests.test_anchor_fingerprint_is_order_independent_so_reordering_does_not_waste_ai) ... ok
test_bulk_import_is_explicit_user_input_not_hidden_hospital_registry (test_ai_discovery_radar_contract.AiDiscoveryRadarContractTests.test_bulk_import_is_explicit_user_input_not_hidden_hospital_registry) ... ok
test_changed_source_only_sends_new_or_changed_anchors_to_ai (test_ai_discovery_radar_contract.AiDiscoveryRadarContractTests.test_changed_source_only_sends_new_or_changed_anchors_to_ai) ... ok
test_heavy_local_radar_state_uses_indexeddb_before_cloud (test_ai_discovery_radar_contract.AiDiscoveryRadarContractTests.test_heavy_local_radar_state_uses_indexeddb_before_cloud) ... ok
test_legacy_live_templates_are_not_migrated_into_new_user_scope (test_ai_discovery_radar_contract.AiDiscoveryRadarContractTests.test_legacy_live_templates_are_not_migrated_into_new_user_scope) ... ok
test_live_radar_scope_is_user_managed_and_starts_empty (test_ai_discovery_radar_contract.AiDiscoveryRadarContractTests.test_live_radar_scope_is_user_managed_and_starts_empty) ... ok
test_partial_second_page_does_not_overwrite_last_complete_result (test_ai_discovery_radar_contract.AiDiscoveryRadarContractTests.test_partial_second_page_does_not_overwrite_last_complete_result) ... ok
test_radar_has_same_origin_rate_limit_and_cost_guards (test_ai_discovery_radar_contract.AiDiscoveryRadarContractTests.test_radar_has_same_origin_rate_limit_and_cost_guards) ... ok
test_radar_is_shadow_only_and_rejects_ungrounded_model_urls (test_ai_discovery_radar_contract.AiDiscoveryRadarContractTests.test_radar_is_shadow_only_and_rejects_ungrounded_model_urls) ... ok
test_radar_page_is_reachable_and_explains_verification_boundary (test_ai_discovery_radar_contract.AiDiscoveryRadarContractTests.test_radar_page_is_reachable_and_explains_verification_boundary) ... ok
test_radar_reuses_saved_result_when_official_link_fingerprint_is_unchanged (test_ai_discovery_radar_contract.AiDiscoveryRadarContractTests.test_radar_reuses_saved_result_when_official_link_fingerprint_is_unchanged) ... ok
test_radar_score_only_uses_gold_visible_to_current_scan (test_ai_discovery_radar_contract.AiDiscoveryRadarContractTests.test_radar_score_only_uses_gold_visible_to_current_scan) ... ok
test_region_scope_groups_many_real_sources_without_claiming_magic_full_web_search (test_ai_discovery_radar_contract.AiDiscoveryRadarContractTests.test_region_scope_groups_many_real_sources_without_claiming_magic_full_web_search) ... ok
test_safe_next_page_coverage_is_bounded_and_same_origin (test_ai_discovery_radar_contract.AiDiscoveryRadarContractTests.test_safe_next_page_coverage_is_bounded_and_same_origin) ... ok
test_saved_findings_survive_new_scans_and_are_deduplicated_by_source_and_url (test_ai_discovery_radar_contract.AiDiscoveryRadarContractTests.test_saved_findings_survive_new_scans_and_are_deduplicated_by_source_and_url) ... ok
test_source_health_metrics_support_channel_optimization (test_ai_discovery_radar_contract.AiDiscoveryRadarContractTests.test_source_health_metrics_support_channel_optimization) ... ok
test_user_managed_source_fetch_has_public_network_guards (test_ai_discovery_radar_contract.AiDiscoveryRadarContractTests.test_user_managed_source_fetch_has_public_network_guards) ... ok
test_verified_ai_hit_can_open_the_independently_verified_opportunity (test_ai_discovery_radar_contract.AiDiscoveryRadarContractTests.test_verified_ai_hit_can_open_the_independently_verified_opportunity) ... ok
test_guard_reuses_server_confirmed_user_only_before_auth_me_fallback (test_auth_handoff_pressure.AuthHandoffPressureTests.test_guard_reuses_server_confirmed_user_only_before_auth_me_fallback) ... ok
test_refresh_and_cross_tab_isolation_remain_server_authoritative (test_auth_handoff_pressure.AuthHandoffPressureTests.test_refresh_and_cross_tab_isolation_remain_server_authoritative) ... ok
test_successful_login_and_register_create_short_one_shot_handoff (test_auth_handoff_pressure.AuthHandoffPressureTests.test_successful_login_and_register_create_short_one_shot_handoff) ... ok
test_authenticated_lookup_reads_last_seen_without_unconditional_write (test_auth_session_touch.AuthSessionTouchTests.test_authenticated_lookup_reads_last_seen_without_unconditional_write) ... ok
test_combine_dedupes_and_keeps_newest_first (test_award_price_reference.AwardPriceReferenceTests.test_combine_dedupes_and_keeps_newest_first) ... ok
test_legacy_stores_without_raw_unit_evidence_have_no_price_reference (test_award_price_reference.AwardPriceReferenceTests.test_legacy_stores_without_raw_unit_evidence_have_no_price_reference) ... ok
test_lookback_and_cap_are_enforced_and_reported (test_award_price_reference.AwardPriceReferenceTests.test_lookback_and_cap_are_enforced_and_reported) ... ok
test_rows_come_from_real_award_lines_with_single_brand_and_unit_price (test_award_price_reference.AwardPriceReferenceTests.test_rows_come_from_real_award_lines_with_single_brand_and_unit_price) ... ok
test_snapshot_embeds_reference_and_ledger_items_carry_category (test_award_price_reference.AwardPriceReferenceTests.test_snapshot_embeds_reference_and_ledger_items_carry_category) ... ok
test_acronyms_match_whole_tokens_only_and_names_are_normalised (test_award_price_reference.DeviceFamilyTests.test_acronyms_match_whole_tokens_only_and_names_are_normalised) ... ok
test_parity_vectors_hold (test_award_price_reference.DeviceFamilyTests.test_parity_vectors_hold) ... ok
test_payload_carries_exactly_what_the_client_needs (test_award_price_reference.DeviceFamilyTests.test_payload_carries_exactly_what_the_client_needs) ... ok
test_taxonomy_is_ordered_unique_and_every_family_has_a_label (test_award_price_reference.DeviceFamilyTests.test_taxonomy_is_ordered_unique_and_every_family_has_a_label) ... ok
test_as_of_requires_timezone (test_bootstrap_ccgp_backfill.BootstrapCcgpBackfillTests.test_as_of_requires_timezone) ... ok
test_backfill_rejects_unbounded_windows (test_bootstrap_ccgp_backfill.BootstrapCcgpBackfillTests.test_backfill_rejects_unbounded_windows) ... ok
test_single_day_window_is_inclusive (test_bootstrap_ccgp_backfill.BootstrapCcgpBackfillTests.test_single_day_window_is_inclusive) ... ok
test_thirty_day_backfill_is_split_into_bounded_seven_day_windows (test_bootstrap_ccgp_backfill.BootstrapCcgpBackfillTests.test_thirty_day_backfill_is_split_into_bounded_seven_day_windows) ... ok
test_one_market_preference_source_drives_public_and_api_services (test_business_market_preferences.BusinessMarketPreferenceTests.test_one_market_preference_source_drives_public_and_api_services) ... ok
test_selector_is_explicit_business_scope_without_geolocation (test_business_market_preferences.BusinessMarketPreferenceTests.test_selector_is_explicit_business_scope_without_geolocation) ... ok
test_static_today_preserves_explicit_market_metadata (test_business_market_preferences.BusinessMarketPreferenceTests.test_static_today_preserves_explicit_market_metadata) ... ok
test_today_and_pool_show_same_global_business_scope (test_business_market_preferences.BusinessMarketPreferenceTests.test_today_and_pool_show_same_global_business_scope) ... ok
test_merge_keeps_newest_observation_per_award_id (test_ccgp_award.AwardRecordValidationTests.test_merge_keeps_newest_observation_per_award_id) ... ok
test_validate_rejects_duplicate_award_ids (test_ccgp_award.AwardRecordValidationTests.test_validate_rejects_duplicate_award_ids) ... ok
test_validate_rejects_negative_amounts_and_missing_supplier (test_ccgp_award.AwardRecordValidationTests.test_validate_rejects_negative_amounts_and_missing_supplier) ... ok
test_amount_parsing_never_guesses_a_scale (test_ccgp_award.CcgpAwardParserTests.test_amount_parsing_never_guesses_a_scale) ... ok
test_deal_notice_for_construction_works_is_parsed_but_out_of_channel_scope (test_ccgp_award.CcgpAwardParserTests.test_deal_notice_for_construction_works_is_parsed_but_out_of_channel_scope) ... ok
test_hebei_goods_table_supplier_without_amount_column_is_backfilled_from_item_table (test_ccgp_award.CcgpAwardParserTests.test_hebei_goods_table_supplier_without_amount_column_is_backfilled_from_item_table) ... ok
test_hebei_service_table_is_captured_as_service_item (test_ccgp_award.CcgpAwardParserTests.test_hebei_service_table_is_captured_as_service_item) ... ok
test_heilongjiang_contract_package_template_yields_catalogue_category_and_unit_prices (test_ccgp_award.CcgpAwardParserTests.test_heilongjiang_contract_package_template_yields_catalogue_category_and_unit_prices) ... ok
test_liaoning_all_packages_failed_notice_has_no_amount (test_ccgp_award.CcgpAwardParserTests.test_liaoning_all_packages_failed_notice_has_no_amount) ... ok
test_national_template_text_packages_failed_packages_and_th_only_tables (test_ccgp_award.CcgpAwardParserTests.test_national_template_text_packages_failed_packages_and_th_only_tables) ... ok
test_national_text_template_reads_parenthesised_unit_and_item_name_column (test_ccgp_award.CcgpAwardParserTests.test_national_text_template_reads_parenthesised_unit_and_item_name_column) ... ok
test_non_ccgp_or_plain_http_source_is_rejected (test_ccgp_award.CcgpAwardParserTests.test_non_ccgp_or_plain_http_source_is_rejected) ... ok
test_non_result_notice_is_rejected (test_ccgp_award.CcgpAwardParserTests.test_non_result_notice_is_rejected) ... ok
test_project_number_normalisation_bridges_clerical_variants (test_ccgp_award.CcgpAwardParserTests.test_project_number_normalisation_bridges_clerical_variants) ... ok
test_reconcile_item_prices_drops_prices_that_cannot_fit_the_award (test_ccgp_award.CcgpAwardParserTests.test_reconcile_item_prices_drops_prices_that_cannot_fit_the_award) ... ok
test_result_notice_without_any_package_result_fails_closed (test_ccgp_award.CcgpAwardParserTests.test_result_notice_without_any_package_result_fails_closed) ... ok
test_tianjin_multi_package_notice_yields_supplier_brand_model_and_prices (test_ccgp_award.CcgpAwardParserTests.test_tianjin_multi_package_notice_yields_supplier_brand_model_and_prices) ... ok
test_tianjin_single_package_dsa_award (test_ccgp_award.CcgpAwardParserTests.test_tianjin_single_package_dsa_award) ... ok
test_unit_price_under_misdeclared_wan_header_stays_unknown (test_ccgp_award.CcgpAwardParserTests.test_unit_price_under_misdeclared_wan_header_stays_unknown) ... ok
test_zero_summary_total_is_treated_as_unpublished (test_ccgp_award.CcgpAwardParserTests.test_zero_summary_total_is_treated_as_unpublished) ... ok
test_plan_rejects_non_result_notice_types_and_region_mismatch (test_ccgp_award_sync.AwardPlanTests.test_plan_rejects_non_result_notice_types_and_region_mismatch) ... ok
test_repo_plan_loads_and_is_locked_to_tianjin_result_notices (test_ccgp_award_sync.AwardPlanTests.test_repo_plan_loads_and_is_locked_to_tianjin_result_notices) ... ok
test_result_candidate_filter_uses_path_then_title (test_ccgp_award_sync.AwardPlanTests.test_result_candidate_filter_uses_path_then_title) ... ok
test_unseen_result_notices_are_selected_before_seen_ones (test_ccgp_award_sync.AwardPlanTests.test_unseen_result_notices_are_selected_before_seen_ones) ... ok
test_all_discovery_failures_block_publish_but_preserve_existing_awards (test_ccgp_award_sync.AwardSyncRunTests.test_all_discovery_failures_block_publish_but_preserve_existing_awards) ... ok
test_award_stage_runtime_passes_a_time_budget (test_ccgp_award_sync.AwardSyncRunTests.test_award_stage_runtime_passes_a_time_budget) ... ok
test_excluded_titles_are_reported_and_never_fetched (test_ccgp_award_sync.AwardSyncRunTests.test_excluded_titles_are_reported_and_never_fetched) ... ok
test_liaoning_awarded_template_yields_priced_item (test_ccgp_award_sync.AwardSyncRunTests.test_liaoning_awarded_template_yields_priced_item) ... ok
test_plan_can_be_retargeted_at_another_market (test_ccgp_award_sync.AwardSyncRunTests.test_plan_can_be_retargeted_at_another_market) ... ok
test_pool_matched_failed_result_bypasses_sparse_scope_text (test_ccgp_award_sync.AwardSyncRunTests.test_pool_matched_failed_result_bypasses_sparse_scope_text) ... ok
test_rows_whose_geography_does_not_prove_the_market_are_dropped (test_ccgp_award_sync.AwardSyncRunTests.test_rows_whose_geography_does_not_prove_the_market_are_dropped) ... ok
test_run_merges_in_scope_awards_reports_scope_exclusions_and_parse_failures (test_ccgp_award_sync.AwardSyncRunTests.test_run_merges_in_scope_awards_reports_scope_exclusions_and_parse_failures) ... ok
test_time_budget_stops_new_requests_but_keeps_verified_results (test_ccgp_award_sync.AwardSyncRunTests.test_time_budget_stops_new_requests_but_keeps_verified_results) ... ok
test_explicit_exclusion_titles_never_consume_detail_budget (test_ccgp_award_sync.AwardTitleScreenTests.test_explicit_exclusion_titles_never_consume_detail_budget) ... ok
test_attachment_only_package_text_does_not_invent_products (test_ccgp_detail.CcgpDetailTests.test_attachment_only_package_text_does_not_invent_products) ... ok
test_competitive_consultation_missing_exact_response_deadline_fails_closed (test_ccgp_detail.CcgpDetailTests.test_competitive_consultation_missing_exact_response_deadline_fails_closed) ... ok
test_competitive_consultation_uses_response_submission_deadline_not_opening_time (test_ccgp_detail.CcgpDetailTests.test_competitive_consultation_uses_response_submission_deadline_not_opening_time) ... ok
test_missing_exact_registration_end_time_fails_closed (test_ccgp_detail.CcgpDetailTests.test_missing_exact_registration_end_time_fails_closed) ... ok
test_non_ccgp_detail_host_is_rejected (test_ccgp_detail.CcgpDetailTests.test_non_ccgp_detail_host_is_rejected) ... ok
test_non_phone_contact_value_is_preserved_as_name_but_not_dial_target (test_ccgp_detail.CcgpDetailTests.test_non_phone_contact_value_is_preserved_as_name_but_not_dial_target) ... ok
test_numeric_package_labels_are_parsed (test_ccgp_detail.CcgpDetailTests.test_numeric_package_labels_are_parsed) ... ok
test_official_standard_product_table_is_structured_without_title_guessing (test_ccgp_detail.CcgpDetailTests.test_official_standard_product_table_is_structured_without_title_guessing) ... ok
test_public_tender_detail_becomes_verified_canonical_record (test_ccgp_detail.CcgpDetailTests.test_public_tender_detail_becomes_verified_canonical_record) ... ok
test_unrelated_html_table_does_not_invent_product_items (test_ccgp_detail.CcgpDetailTests.test_unrelated_html_table_does_not_invent_product_items) ... ok
test_absolute_http_national_ccgp_link_is_upgraded_to_https (test_ccgp_discovery.CcgpDiscoveryTests.test_absolute_http_national_ccgp_link_is_upgraded_to_https) ... ok
test_bid_type_codes_follow_live_ccgp_filter_order (test_ccgp_discovery.CcgpDiscoveryTests.test_bid_type_codes_follow_live_ccgp_filter_order) ... ok
test_build_search_url_uses_tianjin_region_contract (test_ccgp_discovery.CcgpDiscoveryTests.test_build_search_url_uses_tianjin_region_contract) ... ok
test_event_and_result_search_urls_use_verified_bid_type_codes (test_ccgp_discovery.CcgpDiscoveryTests.test_event_and_result_search_urls_use_verified_bid_type_codes) ... ok
test_external_http_link_is_never_rewritten_into_trusted_ccgp_host (test_ccgp_discovery.CcgpDiscoveryTests.test_external_http_link_is_never_rewritten_into_trusted_ccgp_host) ... ok
test_parse_current_bare_pipe_delimited_region_field (test_ccgp_discovery.CcgpDiscoveryTests.test_parse_current_bare_pipe_delimited_region_field) ... ok
test_parse_labeled_region_metadata (test_ccgp_discovery.CcgpDiscoveryTests.test_parse_labeled_region_metadata) ... ok
test_parse_search_html_yields_discovery_only_candidates (test_ccgp_discovery.CcgpDiscoveryTests.test_parse_search_html_yields_discovery_only_candidates) ... ok
test_primary_opportunity_budget_rejects_result_and_event_notices (test_ccgp_discovery.CcgpDiscoveryTests.test_primary_opportunity_budget_rejects_result_and_event_notices) ... ok
test_rate_limit_page_fails_explicitly (test_ccgp_discovery.CcgpDiscoveryTests.test_rate_limit_page_fails_explicitly) ... ok
test_region_is_not_inferred_from_buyer_or_free_text (test_ccgp_discovery.CcgpDiscoveryTests.test_region_is_not_inferred_from_buyer_or_free_text) ... ok
test_result_path_is_rejected_even_if_metadata_is_mislabelled (test_ccgp_discovery.CcgpDiscoveryTests.test_result_path_is_rejected_even_if_metadata_is_mislabelled) ... ok
test_termination_result_path_fblbgg_is_excluded_from_primary_budget (test_ccgp_discovery.CcgpDiscoveryTests.test_termination_result_path_fblbgg_is_excluded_from_primary_budget) ... ok
test_unsupported_region_is_rejected (test_ccgp_discovery.CcgpDiscoveryTests.test_unsupported_region_is_rejected) ... ok
test_correction_matches_project_number_typed_with_full_width_characters (test_ccgp_events.CcgpEventTests.test_correction_matches_project_number_typed_with_full_width_characters) ... ok
test_date_only_registration_change_remains_suppressed (test_ccgp_events.CcgpEventTests.test_date_only_registration_change_remains_suppressed) ... ok
test_events_with_market_code_only_reach_records_of_that_market (test_ccgp_events.CcgpEventTests.test_events_with_market_code_only_reach_records_of_that_market) ... ok
test_exact_correction_rebuilds_today_card_and_adds_event_evidence (test_ccgp_events.CcgpEventTests.test_exact_correction_rebuilds_today_card_and_adds_event_evidence) ... ok
test_exact_deadline_correction_becomes_resolved_override (test_ccgp_events.CcgpEventTests.test_exact_deadline_correction_becomes_resolved_override) ... ok
test_exact_response_submission_correction_maps_to_canonical_bid_deadline (test_ccgp_events.CcgpEventTests.test_exact_response_submission_correction_maps_to_canonical_bid_deadline) ... ok
test_future_correction_does_not_apply_before_publication (test_ccgp_events.CcgpEventTests.test_future_correction_does_not_apply_before_publication) ... ok
test_material_correction_remains_suppressed_even_when_deadline_is_exact (test_ccgp_events.CcgpEventTests.test_material_correction_remains_suppressed_even_when_deadline_is_exact) ... ok
test_material_response_correction_stays_suppressed_despite_exact_deadline (test_ccgp_events.CcgpEventTests.test_material_response_correction_stays_suppressed_despite_exact_deadline) ... ok
test_package_refs_are_normalised_and_project_names_with_packages_do_not_count (test_ccgp_events.CcgpEventTests.test_package_refs_are_normalised_and_project_names_with_packages_do_not_count) ... ok
test_package_scoped_termination_keeps_card_and_surfaces_official_notice (test_ccgp_events.CcgpEventTests.test_package_scoped_termination_keeps_card_and_surfaces_official_notice) ... ok
test_real_beijing_package_correction_and_heilongjiang_project_correction (test_ccgp_events.CcgpEventTests.test_real_beijing_package_correction_and_heilongjiang_project_correction) ... ok
test_real_beijing_package_failed_bid_notice_is_package_scoped_not_terminal (test_ccgp_events.CcgpEventTests.test_real_beijing_package_failed_bid_notice_is_package_scoped_not_terminal) ... ok
test_termination_event_is_terminal (test_ccgp_events.CcgpEventTests.test_termination_event_is_terminal) ... ok
test_no_quantity_or_attachment_only_does_not_invent_items (test_ccgp_hebei_product_demand.HebeiProcurementDemandProductTests.test_no_quantity_or_attachment_only_does_not_invent_items) ... ok
test_package_budget_and_quantity_format_is_grounded (test_ccgp_hebei_product_demand.HebeiProcurementDemandProductTests.test_package_budget_and_quantity_format_is_grounded) ... ok
test_semicolon_multi_device_list_is_grounded (test_ccgp_hebei_product_demand.HebeiProcurementDemandProductTests.test_semicolon_multi_device_list_is_grounded) ... ok
test_single_device_quantity_is_grounded (test_ccgp_hebei_product_demand.HebeiProcurementDemandProductTests.test_single_device_quantity_is_grounded) ... ok
test_text_after_bounded_demand_is_never_scanned (test_ccgp_hebei_product_demand.HebeiProcurementDemandProductTests.test_text_after_bounded_demand_is_never_scanned) ... ok
test_brief_description_explicit_product_quantity (test_ccgp_jilin_zcy_products.JilinZcyProductTests.test_brief_description_explicit_product_quantity) ... ok
test_generic_or_technical_briefs_remain_empty (test_ccgp_jilin_zcy_products.JilinZcyProductTests.test_generic_or_technical_briefs_remain_empty) ... ok
test_primary_subject_name_and_quantity_are_grounded (test_ccgp_jilin_zcy_products.JilinZcyProductTests.test_primary_subject_name_and_quantity_are_grounded) ... ok
test_quantity_label_is_never_a_product_name (test_ccgp_jilin_zcy_products.JilinZcyProductTests.test_quantity_label_is_never_a_product_name) ... ok
test_specific_brief_products_without_quantity_keep_null (test_ccgp_jilin_zcy_products.JilinZcyProductTests.test_specific_brief_products_without_quantity_keep_null) ... ok
test_specific_reagent_phrase_without_quantity_is_grounded (test_ccgp_jilin_zcy_products.JilinZcyProductTests.test_specific_reagent_phrase_without_quantity_is_grounded) ... ok
test_liaoning_24_hour_registration_end_rolls_to_next_day (test_ccgp_liaoning_detail_format.CcgpLiaoningDetailFormatTests.test_liaoning_24_hour_registration_end_rolls_to_next_day) ... ok
test_liaoning_section_four_exact_registration_window_is_verified (test_ccgp_liaoning_detail_format.CcgpLiaoningDetailFormatTests.test_liaoning_section_four_exact_registration_window_is_verified) ... ok
test_attachment_only_does_not_invent_products (test_ccgp_liaoning_product_lists.LiaoningGroundedProductListTests.test_attachment_only_does_not_invent_products) ... ok
test_item_name_quantity_unit_plaintext_table (test_ccgp_liaoning_product_lists.LiaoningGroundedProductListTests.test_item_name_quantity_unit_plaintext_table) ... ok
test_numbered_technical_requirements_without_quantity_are_not_products (test_ccgp_liaoning_product_lists.LiaoningGroundedProductListTests.test_numbered_technical_requirements_without_quantity_are_not_products) ... ok
test_product_name_quantity_plaintext_table (test_ccgp_liaoning_product_lists.LiaoningGroundedProductListTests.test_product_name_quantity_plaintext_table) ... ok
test_top_level_numbered_products_ignore_decimal_subparameters (test_ccgp_liaoning_product_lists.LiaoningGroundedProductListTests.test_top_level_numbered_products_ignore_decimal_subparameters) ... ok
test_national_format_without_explicit_daily_end_time_still_fails_closed (test_ccgp_national_detail_formats.CcgpNationalDetailFormatTests.test_national_format_without_explicit_daily_end_time_still_fails_closed) ... ok
test_public_tender_accepts_official_to_separator_and_explicit_bid_label (test_ccgp_national_detail_formats.CcgpNationalDetailFormatTests.test_public_tender_accepts_official_to_separator_and_explicit_bid_label) ... ok
test_colspan_footer_rows_do_not_become_products (test_ccgp_product_table_variants.CcgpProductTableVariantTests.test_colspan_footer_rows_do_not_become_products) ... ok
test_device_name_and_quantity_table_is_grounded (test_ccgp_product_table_variants.CcgpProductTableVariantTests.test_device_name_and_quantity_table_is_grounded) ... ok
test_item_name_can_be_product_name_when_no_distinct_mark_column_exists (test_ccgp_product_table_variants.CcgpProductTableVariantTests.test_item_name_can_be_product_name_when_no_distinct_mark_column_exists) ... ok
test_item_name_remains_category_when_distinct_procurement_mark_exists (test_ccgp_product_table_variants.CcgpProductTableVariantTests.test_item_name_remains_category_when_distinct_procurement_mark_exists) ... ok
test_mark_name_with_separate_unit_is_combined (test_ccgp_product_table_variants.CcgpProductTableVariantTests.test_mark_name_with_separate_unit_is_combined) ... ok
test_non_quantity_metadata_rows_after_product_rows_are_ignored (test_ccgp_product_table_variants.CcgpProductTableVariantTests.test_non_quantity_metadata_rows_after_product_rows_are_ignored) ... ok
test_quantity_like_value_cannot_be_product_name (test_ccgp_product_table_variants.CcgpProductTableVariantTests.test_quantity_like_value_cannot_be_product_name) ... ok
test_rowspan_is_expanded_without_shifting_later_product_names (test_ccgp_product_table_variants.CcgpProductTableVariantTests.test_rowspan_is_expanded_without_shifting_later_product_names) ... ok
test_unrelated_name_quantity_table_is_not_treated_as_procurement_items (test_ccgp_product_table_variants.CcgpProductTableVariantTests.test_unrelated_name_quantity_table_is_not_treated_as_procurement_items) ... ok
test_legitimate_parentheses_inside_project_number_are_preserved (test_ccgp_project_number.CcgpProjectNumberTests.test_legitimate_parentheses_inside_project_number_are_preserved) ... ok
test_notice_title_suffix_is_not_part_of_project_number (test_ccgp_project_number.CcgpProjectNumberTests.test_notice_title_suffix_is_not_part_of_project_number) ... ok
test_baseline_contract_matches_public_list_shape (test_ceb_official_probe.CebOfficialProbeTests.test_baseline_contract_matches_public_list_shape) ... ok
test_directed_search_reproduces_page_query_contract_and_is_bounded (test_ceb_official_probe.CebOfficialProbeTests.test_directed_search_reproduces_page_query_contract_and_is_bounded) ... ok
test_list_parser_keeps_uuid_title_region_and_viewer_link_only (test_ceb_official_probe.CebOfficialProbeTests.test_list_parser_keeps_uuid_title_region_and_viewer_link_only) ... ok
test_viewer_id_and_challenge_detection_fail_closed (test_ceb_official_probe.CebOfficialProbeTests.test_viewer_id_and_challenge_detection_fail_closed) ... ok
test_workflow_probe_is_explicit_read_only_and_never_promotes_detail (test_ceb_official_probe.CebOfficialProbeTests.test_workflow_probe_is_explicit_read_only_and_never_promotes_detail) ... ok
test_adjacent_ai_compute_requires_medical_context_in_procurement_facts (test_channel_scope.MedicalChannelScopeTests.test_adjacent_ai_compute_requires_medical_context_in_procurement_facts) ... ok
test_contextual_lab_terms_are_kept_for_medical_buyers (test_channel_scope.MedicalChannelScopeTests.test_contextual_lab_terms_are_kept_for_medical_buyers) ... ok
test_core_and_adjacent_medical_technology_titles_are_in_scope (test_channel_scope.MedicalChannelScopeTests.test_core_and_adjacent_medical_technology_titles_are_in_scope) ... ok
test_generic_hospital_administration_is_not_in_scope (test_channel_scope.MedicalChannelScopeTests.test_generic_hospital_administration_is_not_in_scope) ... ok
test_generic_inspection_keywords_require_medical_context (test_channel_scope.MedicalChannelScopeTests.test_generic_inspection_keywords_require_medical_context) ... ok
test_hard_business_exclusion_overrides_medical_wording (test_channel_scope.MedicalChannelScopeTests.test_hard_business_exclusion_overrides_medical_wording) ... ok
test_hospital_buyer_name_alone_does_not_make_record_relevant (test_channel_scope.MedicalChannelScopeTests.test_hospital_buyer_name_alone_does_not_make_record_relevant) ... ok
test_office_consumables_remain_out_even_for_hospital_buyer (test_channel_scope.MedicalChannelScopeTests.test_office_consumables_remain_out_even_for_hospital_buyer) ... ok
test_public_snapshot_filters_generic_hospital_procurement_but_keeps_gpu_ai (test_channel_scope.MedicalChannelScopeTests.test_public_snapshot_filters_generic_hospital_procurement_but_keeps_gpu_ai) ... ok
test_verified_specific_device_and_medical_it_false_negatives_are_in_scope (test_channel_scope.MedicalChannelScopeTests.test_verified_specific_device_and_medical_it_false_negatives_are_in_scope) ... ok
test_cache_migration_recovery_cycle_is_narrow_and_deterministic (test_collector_run_security.CollectorRunSecurityTests.test_cache_migration_recovery_cycle_is_narrow_and_deterministic) ... ok
test_cache_migration_recovery_ignores_only_stale_regional_running_stages (test_collector_run_security.CollectorRunSecurityTests.test_cache_migration_recovery_ignores_only_stale_regional_running_stages) ... ok
test_temporary_acceptance_probe_is_removed (test_collector_run_security.CollectorRunSecurityTests.test_temporary_acceptance_probe_is_removed) ... ok
test_trigger_requires_cron_secret_and_bearer_auth_fail_closed (test_collector_run_security.CollectorRunSecurityTests.test_trigger_requires_cron_secret_and_bearer_auth_fail_closed) ... ok
test_trigger_requires_cron_secret_before_reading_incremental_query (test_collector_run_security.CollectorRunSecurityTests.test_trigger_requires_cron_secret_before_reading_incremental_query) ... ok
test_hospital_lab_construction_only_project_is_out_of_scope (test_construction_scope_regression.ConstructionScopeRegressionTests.test_hospital_lab_construction_only_project_is_out_of_scope) ... ok
test_strong_medical_signal_still_keeps_medical_gas_upgrade (test_construction_scope_regression.ConstructionScopeRegressionTests.test_strong_medical_signal_still_keeps_medical_gas_upgrade) ... ok
test_legacy_fallback_has_only_one_automatic_deep_run_per_day (test_deep_refresh_schedule.DeepRefreshScheduleTests.test_legacy_fallback_has_only_one_automatic_deep_run_per_day) ... ok
test_manual_fallback_remains_available_until_vercel_runtime_acceptance (test_deep_refresh_schedule.DeepRefreshScheduleTests.test_manual_fallback_remains_available_until_vercel_runtime_acceptance) ... ok
test_regional_push_trigger_is_main_only_after_preview_acceptance (test_deep_refresh_schedule.DeepRefreshScheduleTests.test_regional_push_trigger_is_main_only_after_preview_acceptance) ... ok
test_tianjin_and_regional_deep_refreshes_share_one_serialization_group (test_deep_refresh_schedule.DeepRefreshScheduleTests.test_tianjin_and_regional_deep_refreshes_share_one_serialization_group) ... ok
test_opportunity_and_followup_reads_are_parallel (test_detail_request_pressure.DetailRequestPressureTests.test_opportunity_and_followup_reads_are_parallel) ... ok
test_client_fails_closed_on_segment_contract_mismatch (test_discovery_continuation_contract.DiscoveryContinuationContractTests.test_client_fails_closed_on_segment_contract_mismatch) ... ok
test_continuation_fetch_keeps_public_network_and_same_origin_guards (test_discovery_continuation_contract.DiscoveryContinuationContractTests.test_continuation_fetch_keeps_public_network_and_same_origin_guards) ... ok
test_continuation_is_internal_handler_reached_through_existing_public_path (test_discovery_continuation_contract.DiscoveryContinuationContractTests.test_continuation_is_internal_handler_reached_through_existing_public_path) ... ok
test_continuation_is_separate_shadow_segment_not_root_snapshot_replacement (test_discovery_continuation_contract.DiscoveryContinuationContractTests.test_continuation_is_separate_shadow_segment_not_root_snapshot_replacement) ... ok
test_only_complete_root_scans_with_real_coverage_gap_are_eligible (test_discovery_continuation_contract.DiscoveryContinuationContractTests.test_only_complete_root_scans_with_real_coverage_gap_are_eligible) ... ok
test_resume_chain_is_bounded_and_reuses_last_checked_page_only_as_probe (test_discovery_continuation_contract.DiscoveryContinuationContractTests.test_resume_chain_is_bounded_and_reuses_last_checked_page_only_as_probe) ... ok
test_root_and_prior_anchors_are_excluded_from_new_segments (test_discovery_continuation_contract.DiscoveryContinuationContractTests.test_root_and_prior_anchors_are_excluded_from_new_segments) ... ok
test_segment_ledger_is_independent_indexeddb_state_tied_to_root_fingerprint (test_discovery_continuation_contract.DiscoveryContinuationContractTests.test_segment_ledger_is_independent_indexeddb_state_tied_to_root_fingerprint) ... ok
test_continuation_keeps_segment_ledger_but_merges_candidates_into_main_findings (test_discovery_continuation_ui.DiscoveryContinuationUiTests.test_continuation_keeps_segment_ledger_but_merges_candidates_into_main_findings) ... ok
test_dashboard_keeps_shadow_verification_boundary_visible (test_discovery_continuation_ui.DiscoveryContinuationUiTests.test_dashboard_keeps_shadow_verification_boundary_visible) ... ok
test_dashboard_only_surfaces_real_continuation_eligible_roots (test_discovery_continuation_ui.DiscoveryContinuationUiTests.test_dashboard_only_surfaces_real_continuation_eligible_roots) ... ok
test_dashboard_runs_bounded_segment_chain_and_displays_progress (test_discovery_continuation_ui.DiscoveryContinuationUiTests.test_dashboard_runs_bounded_segment_chain_and_displays_progress) ... ok
test_hydrated_segments_are_reconciled_idempotently (test_discovery_continuation_ui.DiscoveryContinuationUiTests.test_hydrated_segments_are_reconciled_idempotently) ... ok
test_radar_route_mounts_shared_workspace_around_both_surfaces (test_discovery_continuation_ui.DiscoveryContinuationUiTests.test_radar_route_mounts_shared_workspace_around_both_surfaces) ... ok
test_root_and_continuation_use_same_workspace_context (test_discovery_continuation_ui.DiscoveryContinuationUiTests.test_root_and_continuation_use_same_workspace_context) ... ok
test_coverage_risk_is_not_folded_into_ai_discovery_score (test_discovery_coverage_risk.DiscoveryCoverageRiskTests.test_coverage_risk_is_not_folded_into_ai_discovery_score) ... ok
test_page_limit_and_anchor_cap_are_explicit_continuation_candidates (test_discovery_coverage_risk.DiscoveryCoverageRiskTests.test_page_limit_and_anchor_cap_are_explicit_continuation_candidates) ... ok
test_partial_page_is_high_risk_but_not_a_continuation_cursor (test_discovery_coverage_risk.DiscoveryCoverageRiskTests.test_partial_page_is_high_risk_but_not_a_continuation_cursor) ... ok
test_summary_deduplicates_sources_and_separates_risk_reasons (test_discovery_coverage_risk.DiscoveryCoverageRiskTests.test_summary_deduplicates_sources_and_separates_risk_reasons) ... ok
test_coverage_ui_explains_score_separation (test_discovery_coverage_risk_ui.DiscoveryCoverageRiskUiTests.test_coverage_ui_explains_score_separation) ... ok
test_each_source_shows_chinese_reason_and_recommended_action (test_discovery_coverage_risk_ui.DiscoveryCoverageRiskUiTests.test_each_source_shows_chinese_reason_and_recommended_action) ... ok
test_risk_classifier_is_connected_to_radar_ui (test_discovery_coverage_risk_ui.DiscoveryCoverageRiskUiTests.test_risk_classifier_is_connected_to_radar_ui) ... ok
test_summary_exposes_coverage_gap_retry_and_continuation_counts (test_discovery_coverage_risk_ui.DiscoveryCoverageRiskUiTests.test_summary_exposes_coverage_gap_retry_and_continuation_counts) ... ok
test_cached_public_ai_can_render_without_provider_key_or_false_status (test_durable_public_intelligence.DurablePublicIntelligenceTests.test_cached_public_ai_can_render_without_provider_key_or_false_status) ... ok
test_private_pilot_context_is_overlay_not_upstream_model_input (test_durable_public_intelligence.DurablePublicIntelligenceTests.test_private_pilot_context_is_overlay_not_upstream_model_input) ... ok
test_provider_result_is_memoized_across_durable_cache_fallback (test_durable_public_intelligence.DurablePublicIntelligenceTests.test_provider_result_is_memoized_across_durable_cache_fallback) ... ok
test_public_ai_cache_key_binds_fact_window_and_prompt_version (test_durable_public_intelligence.DurablePublicIntelligenceTests.test_public_ai_cache_key_binds_fact_window_and_prompt_version) ... ok
test_public_opportunities_are_versioned_by_public_fact_hash (test_durable_public_intelligence.DurablePublicIntelligenceTests.test_public_opportunities_are_versioned_by_public_fact_hash) ... ok
test_public_snapshot_payload_excludes_customer_context (test_durable_public_intelligence.DurablePublicIntelligenceTests.test_public_snapshot_payload_excludes_customer_context) ... ok
test_same_snapshot_and_concurrent_materialization_are_idempotent (test_durable_public_intelligence.DurablePublicIntelligenceTests.test_same_snapshot_and_concurrent_materialization_are_idempotent) ... ok
test_shared_public_ai_table_contains_no_account_scope (test_durable_public_intelligence.DurablePublicIntelligenceTests.test_shared_public_ai_table_contains_no_account_scope) ... ok
test_unconfirmed_capability_overlay_never_claims_authorization (test_durable_public_intelligence.DurablePublicIntelligenceTests.test_unconfirmed_capability_overlay_never_claims_authorization) ... ok
test_authenticated_publish_validates_then_persists_before_runtime_cache (test_durable_verified_snapshot_store.DurableVerifiedSnapshotStoreTests.test_authenticated_publish_validates_then_persists_before_runtime_cache) ... ok
test_database_snapshot_accepts_equal_bundle_revision_as_durable_authority (test_durable_verified_snapshot_store.DurableVerifiedSnapshotStoreTests.test_database_snapshot_accepts_equal_bundle_revision_as_durable_authority) ... ok
test_database_unconfigured_remains_backward_compatible (test_durable_verified_snapshot_store.DurableVerifiedSnapshotStoreTests.test_database_unconfigured_remains_backward_compatible) ... ok
test_runtime_and_durable_snapshot_freshness_rules_stay_distinct (test_durable_verified_snapshot_store.DurableVerifiedSnapshotStoreTests.test_runtime_and_durable_snapshot_freshness_rules_stay_distinct) ... ok
test_same_timestamp_conflicting_payload_fails_closed (test_durable_verified_snapshot_store.DurableVerifiedSnapshotStoreTests.test_same_timestamp_conflicting_payload_fails_closed) ... ok
test_schema_stores_complete_verified_snapshot_payload (test_durable_verified_snapshot_store.DurableVerifiedSnapshotStoreTests.test_schema_stores_complete_verified_snapshot_payload) ... ok
test_backend_trusts_only_official_https_entry_origins (test_edgeone_proxy_contract.EdgeOneProxyContractTest.test_backend_trusts_only_official_https_entry_origins) ... ok
test_inactive_middleware_is_removed (test_edgeone_proxy_contract.EdgeOneProxyContractTest.test_inactive_middleware_is_removed) ... ok
test_proxy_preserves_browser_origin_for_server_validation (test_edgeone_proxy_contract.EdgeOneProxyContractTest.test_proxy_preserves_browser_origin_for_server_validation) ... ok
test_root_maps_to_today_and_preview_token_is_filtered (test_edgeone_proxy_contract.EdgeOneProxyContractTest.test_root_maps_to_today_and_preview_token_is_filtered) ... ok
test_runtime_avoids_known_unsupported_constructs (test_edgeone_proxy_contract.EdgeOneProxyContractTest.test_runtime_avoids_known_unsupported_constructs) ... ok
test_runtime_probe_exists (test_edgeone_proxy_contract.EdgeOneProxyContractTest.test_runtime_probe_exists) ... ok
test_transfer_encoding_headers_are_normalized (test_edgeone_proxy_contract.EdgeOneProxyContractTest.test_transfer_encoding_headers_are_normalized) ... ok
test_v8_safe_edge_functions_exist (test_edgeone_proxy_contract.EdgeOneProxyContractTest.test_v8_safe_edge_functions_exist) ... ok
test_active_cycle_helpers_fail_closed (test_execution_namespace.ExecutionNamespaceTests.test_active_cycle_helpers_fail_closed) ... ok
test_collector_runtime_keys_are_all_v2 (test_execution_namespace.ExecutionNamespaceTests.test_collector_runtime_keys_are_all_v2) ... ok
test_completed_cycle_duplicate_is_acknowledged_after_lease_release (test_execution_namespace.ExecutionNamespaceTests.test_completed_cycle_duplicate_is_acknowledged_after_lease_release) ... ok
test_deep_message_with_matching_active_lease_may_run (test_execution_namespace.ExecutionNamespaceTests.test_deep_message_with_matching_active_lease_may_run) ... ok
test_different_active_cycle_supersedes_old_queue_message (test_execution_namespace.ExecutionNamespaceTests.test_different_active_cycle_supersedes_old_queue_message) ... ok
test_missing_lease_during_unfinished_same_day_cycle_remains_unsafe (test_execution_namespace.ExecutionNamespaceTests.test_missing_lease_during_unfinished_same_day_cycle_remains_unsafe) ... ok
test_older_cycle_message_is_acknowledged_after_newer_cycle_supersedes_it (test_execution_namespace.ExecutionNamespaceTests.test_older_cycle_message_is_acknowledged_after_newer_cycle_supersedes_it) ... ok
test_queue_consumer_serializes_all_mutating_messages (test_execution_namespace.ExecutionNamespaceTests.test_queue_consumer_serializes_all_mutating_messages) ... ok
test_runtime_namespace_assignment_covers_mutable_collector_keys (test_execution_namespace.ExecutionNamespaceTests.test_runtime_namespace_assignment_covers_mutable_collector_keys) ... ok
test_snapshot_reader_scopes_runtime_cache_to_bundled_data_revision (test_execution_namespace.ExecutionNamespaceTests.test_snapshot_reader_scopes_runtime_cache_to_bundled_data_revision) ... ok
test_worker_checks_active_cycle_before_running_stage (test_execution_namespace.ExecutionNamespaceTests.test_worker_checks_active_cycle_before_running_stage) ... ok
test_action_view_prioritizes_due_then_scheduled_followups (test_followed_action_view_ui.FollowedActionViewUiTests.test_action_view_prioritizes_due_then_scheduled_followups) ... ok
test_active_followup_without_reminder_is_visibly_pending_but_not_due (test_followed_action_view_ui.FollowedActionViewUiTests.test_active_followup_without_reminder_is_visibly_pending_but_not_due) ... ok
test_due_filter_and_metric_use_same_private_reminder_semantics (test_followed_action_view_ui.FollowedActionViewUiTests.test_due_filter_and_metric_use_same_private_reminder_semantics) ... ok
test_followed_card_distinguishes_due_and_future_next_time (test_followed_action_view_ui.FollowedActionViewUiTests.test_followed_card_distinguishes_due_and_future_next_time) ... ok
test_generic_system_reminder_note_is_not_shown_as_user_note (test_followed_action_view_ui.FollowedActionViewUiTests.test_generic_system_reminder_note_is_not_shown_as_user_note) ... ok
test_structured_private_notes_are_presented_as_business_context (test_followed_action_view_ui.FollowedActionViewUiTests.test_structured_private_notes_are_presented_as_business_context) ... ok
test_exact_lookup_is_user_and_organization_scoped (test_followed_history_lookup.FollowedHistoryLookupTests.test_exact_lookup_is_user_and_organization_scoped) ... ok
test_historical_detail_uses_exact_server_lookup_not_bounded_recent_list (test_followed_history_lookup.FollowedHistoryLookupTests.test_historical_detail_uses_exact_server_lookup_not_bounded_recent_list) ... ok
test_followed_page_can_load_older_records_and_recover_focused_item_exactly (test_followed_scaling.FollowedScalingTests.test_followed_page_can_load_older_records_and_recover_focused_item_exactly) ... ok
test_followed_route_supports_bounded_pagination_and_compact_status_index (test_followed_scaling.FollowedScalingTests.test_followed_route_supports_bounded_pagination_and_compact_status_index) ... ok
test_opportunity_pool_reuses_followup_summary_already_batched_into_today (test_followed_scaling.FollowedScalingTests.test_opportunity_pool_reuses_followup_summary_already_batched_into_today) ... ok
test_archived_is_locked_but_never_claimed_as_outcome_statistics (test_followup_outcome_learning_ui.FollowupOutcomeLearningUiTests.test_archived_is_locked_but_never_claimed_as_outcome_statistics) ... ok
test_lost_reason_has_bounded_business_categories (test_followup_outcome_learning_ui.FollowupOutcomeLearningUiTests.test_lost_reason_has_bounded_business_categories) ... ok
test_lost_reason_is_clearly_private_user_judgment (test_followup_outcome_learning_ui.FollowupOutcomeLearningUiTests.test_lost_reason_is_clearly_private_user_judgment) ... ok
test_lost_status_requires_explicit_reason_flow_in_ui (test_followup_outcome_learning_ui.FollowupOutcomeLearningUiTests.test_lost_status_requires_explicit_reason_flow_in_ui) ... ok
test_not_fit_persistence_copy_matches_runtime_mode (test_followup_outcome_learning_ui.FollowupOutcomeLearningUiTests.test_not_fit_persistence_copy_matches_runtime_mode) ... ok
test_terminal_results_require_explicit_two_step_reopen (test_followup_outcome_learning_ui.FollowupOutcomeLearningUiTests.test_terminal_results_require_explicit_two_step_reopen) ... ok
test_won_review_is_private_judgment_not_public_win_cause (test_followup_outcome_learning_ui.FollowupOutcomeLearningUiTests.test_won_review_is_private_judgment_not_public_win_cause) ... ok
test_won_status_requires_private_review_before_persisting (test_followup_outcome_learning_ui.FollowupOutcomeLearningUiTests.test_won_status_requires_private_review_before_persisting) ... ok
test_heavy_secondary_routes_and_login_are_lazy_but_today_stays_eager (test_frontend_delivery_pressure.FrontendDeliveryPressureTests.test_heavy_secondary_routes_and_login_are_lazy_but_today_stays_eager) ... ok
test_pilot_bundle_does_not_eagerly_import_trial_or_local_demo_services (test_frontend_delivery_pressure.FrontendDeliveryPressureTests.test_pilot_bundle_does_not_eagerly_import_trial_or_local_demo_services) ... ok
test_production_build_keeps_hashed_assets_instead_of_single_html (test_frontend_delivery_pressure.FrontendDeliveryPressureTests.test_production_build_keeps_hashed_assets_instead_of_single_html) ... ok
test_today_ai_client_is_loaded_only_for_demo_cache_or_explicit_analysis (test_frontend_delivery_pressure.FrontendDeliveryPressureTests.test_today_ai_client_is_loaded_only_for_demo_cache_or_explicit_analysis) ... ok
test_today_outreach_drawer_is_loaded_only_after_user_opens_it (test_frontend_delivery_pressure.FrontendDeliveryPressureTests.test_today_outreach_drawer_is_loaded_only_after_user_opens_it) ... ok
test_full_verify_remains_available_at_stage_boundaries (test_github_ci_pressure.GithubCiPressureTests.test_full_verify_remains_available_at_stage_boundaries) ... ok
test_live_intent_probe_is_explicit_read_only_and_bounded (test_github_ci_pressure.GithubCiPressureTests.test_live_intent_probe_is_explicit_read_only_and_bounded) ... ok
test_pr_verify_defaults_to_full_with_explicit_fast_opt_out (test_github_ci_pressure.GithubCiPressureTests.test_pr_verify_defaults_to_full_with_explicit_fast_opt_out) ... ok
test_runner_cleanup_and_docs_skip_remain_enabled (test_github_ci_pressure.GithubCiPressureTests.test_runner_cleanup_and_docs_skip_remain_enabled) ... ok
test_bootstrap_never_owns_an_official_discovery_request (test_incremental_bootstrap_discovery_reuse.IncrementalBootstrapDiscoveryReuseTests.test_bootstrap_never_owns_an_official_discovery_request) ... ok
test_queue_preflight_bootstrap_cannot_duplicate_network_discovery (test_incremental_bootstrap_discovery_reuse.IncrementalBootstrapDiscoveryReuseTests.test_queue_preflight_bootstrap_cannot_duplicate_network_discovery) ... ok
test_runtime_discovers_once_then_reuses_rows_for_bootstrap_and_planning (test_incremental_bootstrap_discovery_reuse.IncrementalBootstrapDiscoveryReuseTests.test_runtime_discovers_once_then_reuses_rows_for_bootstrap_and_planning) ... ok
test_bootstrap_never_uses_private_customer_context (test_incremental_collector_bootstrap.IncrementalCollectorBootstrapTests.test_bootstrap_never_uses_private_customer_context) ... ok
test_changed_index_fingerprint_can_never_be_erased_by_older_canonical_state (test_incremental_collector_bootstrap.IncrementalCollectorBootstrapTests.test_changed_index_fingerprint_can_never_be_erased_by_older_canonical_state) ... ok
test_existing_failed_or_unverified_ledger_can_still_be_repaired_by_newer_canonical_fact (test_incremental_collector_bootstrap.IncrementalCollectorBootstrapTests.test_existing_failed_or_unverified_ledger_can_still_be_repaired_by_newer_canonical_fact) ... ok
test_newer_failed_or_unverified_incremental_state_blocks_stale_canonical_repair (test_incremental_collector_bootstrap.IncrementalCollectorBootstrapTests.test_newer_failed_or_unverified_incremental_state_blocks_stale_canonical_repair) ... ok
test_reconcile_keeps_source_level_ledger_clock_monotonic (test_incremental_collector_bootstrap.IncrementalCollectorBootstrapTests.test_reconcile_keeps_source_level_ledger_clock_monotonic) ... ok
test_reconcile_reuses_real_discovery_and_never_becomes_second_fact_source (test_incremental_collector_bootstrap.IncrementalCollectorBootstrapTests.test_reconcile_reuses_real_discovery_and_never_becomes_second_fact_source) ... ok
test_runtime_discovers_once_then_reconciles_before_detail_planning (test_incremental_collector_bootstrap.IncrementalCollectorBootstrapTests.test_runtime_discovers_once_then_reconciles_before_detail_planning) ... ok
test_tjfch_tracked_fingerprint_bridge_requires_canonical_after_prior_index_observation (test_incremental_collector_bootstrap.IncrementalCollectorBootstrapTests.test_tjfch_tracked_fingerprint_bridge_requires_canonical_after_prior_index_observation) ... ok
test_url_match_alone_still_cannot_claim_current_discovery_metadata_verified (test_incremental_collector_bootstrap.IncrementalCollectorBootstrapTests.test_url_match_alone_still_cannot_claim_current_discovery_metadata_verified) ... ok
test_bucket_id_is_idempotent_inside_same_scan_interval (test_incremental_collector_planner.IncrementalCollectorPlannerTests.test_bucket_id_is_idempotent_inside_same_scan_interval) ... ok
test_carryover_is_bounded_and_eventually_left_to_daily_deep_reconciliation (test_incremental_collector_planner.IncrementalCollectorPlannerTests.test_carryover_is_bounded_and_eventually_left_to_daily_deep_reconciliation) ... ok
test_current_planning_policy_does_not_enable_hourly_full_detail_scrapes (test_incremental_collector_planner.IncrementalCollectorPlannerTests.test_current_planning_policy_does_not_enable_hourly_full_detail_scrapes) ... ok
test_deferred_candidate_survives_later_discovery_truncation (test_incremental_collector_planner.IncrementalCollectorPlannerTests.test_deferred_candidate_survives_later_discovery_truncation) ... ok
test_detail_budget_prioritizes_newest_candidate_within_same_priority (test_incremental_collector_planner.IncrementalCollectorPlannerTests.test_detail_budget_prioritizes_newest_candidate_within_same_priority) ... ok
test_duplicate_candidate_url_is_verified_once_per_scan (test_incremental_collector_planner.IncrementalCollectorPlannerTests.test_duplicate_candidate_url_is_verified_once_per_scan) ... ok
test_failure_is_retried_even_when_index_metadata_is_unchanged (test_incremental_collector_planner.IncrementalCollectorPlannerTests.test_failure_is_retried_even_when_index_metadata_is_unchanged) ... ok
test_metadata_change_forces_reverification_but_does_not_become_verified_fact (test_incremental_collector_planner.IncrementalCollectorPlannerTests.test_metadata_change_forces_reverification_but_does_not_become_verified_fact) ... ok
test_new_and_changed_candidates_win_detail_budget_before_periodic_rechecks (test_incremental_collector_planner.IncrementalCollectorPlannerTests.test_new_and_changed_candidates_win_detail_budget_before_periodic_rechecks) ... ok
test_new_candidate_requires_detail_verification (test_incremental_collector_planner.IncrementalCollectorPlannerTests.test_new_candidate_requires_detail_verification) ... ok
test_periodic_reverify_catches_same_url_detail_changes_hidden_from_index (test_incremental_collector_planner.IncrementalCollectorPlannerTests.test_periodic_reverify_catches_same_url_detail_changes_hidden_from_index) ... ok
test_verified_candidate_that_leaves_index_is_not_carried_over (test_incremental_collector_planner.IncrementalCollectorPlannerTests.test_verified_candidate_that_leaves_index_is_not_carried_over) ... ok
test_verified_unchanged_candidate_is_skipped_until_reverify_due (test_incremental_collector_planner.IncrementalCollectorPlannerTests.test_verified_unchanged_candidate_is_skipped_until_reverify_due) ... ok
test_authoritative_deep_publish_discards_all_older_incremental_staging (test_incremental_collector_runtime.IncrementalCollectorRuntimeTests.test_authoritative_deep_publish_discards_all_older_incremental_staging) ... ok
test_deep_and_incremental_mutations_are_serialized_with_runtime_leases (test_incremental_collector_runtime.IncrementalCollectorRuntimeTests.test_deep_and_incremental_mutations_are_serialized_with_runtime_leases) ... ok
test_deep_cycle_gets_priority_when_incremental_scan_is_already_active (test_incremental_collector_runtime.IncrementalCollectorRuntimeTests.test_deep_cycle_gets_priority_when_incremental_scan_is_already_active) ... ok
test_high_frequency_crons_are_not_enabled_yet (test_incremental_collector_runtime.IncrementalCollectorRuntimeTests.test_high_frequency_crons_are_not_enabled_yet) ... ok
test_incremental_detail_failure_cannot_publish_partial_public_snapshot (test_incremental_collector_runtime.IncrementalCollectorRuntimeTests.test_incremental_detail_failure_cannot_publish_partial_public_snapshot) ... ok
test_incremental_failures_leave_bucket_open_for_idempotent_retry (test_incremental_collector_runtime.IncrementalCollectorRuntimeTests.test_incremental_failures_leave_bucket_open_for_idempotent_retry) ... ok
test_incremental_ledgers_and_staging_are_public_source_scoped_not_account_scoped (test_incremental_collector_runtime.IncrementalCollectorRuntimeTests.test_incremental_ledgers_and_staging_are_public_source_scoped_not_account_scoped) ... ok
test_incremental_status_is_aggregate_only (test_incremental_collector_runtime.IncrementalCollectorRuntimeTests.test_incremental_status_is_aggregate_only) ... ok
test_incremental_trigger_reuses_existing_authenticated_function_and_queue (test_incremental_collector_runtime.IncrementalCollectorRuntimeTests.test_incremental_trigger_reuses_existing_authenticated_function_and_queue) ... ok
test_only_explicit_carryover_can_bypass_current_discovery_lookup (test_incremental_collector_runtime.IncrementalCollectorRuntimeTests.test_only_explicit_carryover_can_bypass_current_discovery_lookup) ... ok
test_staged_partial_records_commit_only_after_source_scan_is_clean (test_incremental_collector_runtime.IncrementalCollectorRuntimeTests.test_staged_partial_records_commit_only_after_source_scan_is_clean) ... ok
test_terminal_deep_paths_release_active_cycle_lease (test_incremental_collector_runtime.IncrementalCollectorRuntimeTests.test_terminal_deep_paths_release_active_cycle_lease) ... ok
test_trigger_only_activates_explicitly_implemented_incremental_sources (test_incremental_collector_runtime.IncrementalCollectorRuntimeTests.test_trigger_only_activates_explicitly_implemented_incremental_sources) ... ok
test_api_attempt_is_marked_only_after_queue_send_returns (test_incremental_collector_scheduler.IncrementalCollectorSchedulerTests.test_api_attempt_is_marked_only_after_queue_send_returns) ... ok
test_attempt_marker_rejects_unknown_sources (test_incremental_collector_scheduler.IncrementalCollectorSchedulerTests.test_attempt_marker_rejects_unknown_sources) ... ok
test_current_bucket_is_not_requeued_even_if_completed_at_is_malformed_old (test_incremental_collector_scheduler.IncrementalCollectorSchedulerTests.test_current_bucket_is_not_requeued_even_if_completed_at_is_malformed_old) ... ok
test_failed_attempt_after_quiet_scan_restores_base_retry_interval (test_incremental_collector_scheduler.IncrementalCollectorSchedulerTests.test_failed_attempt_after_quiet_scan_restores_base_retry_interval) ... ok
test_failed_queued_never_completed_source_backs_off_instead_of_starving_others (test_incremental_collector_scheduler.IncrementalCollectorSchedulerTests.test_failed_queued_never_completed_source_backs_off_instead_of_starving_others) ... ok
test_first_activation_releases_only_one_never_scanned_source (test_incremental_collector_scheduler.IncrementalCollectorSchedulerTests.test_first_activation_releases_only_one_never_scanned_source) ... ok
test_most_overdue_source_wins_but_only_one_is_selected (test_incremental_collector_scheduler.IncrementalCollectorSchedulerTests.test_most_overdue_source_wins_but_only_one_is_selected) ... ok
test_never_scanned_sources_are_bootstrapped_fairly_across_queued_ticks (test_incremental_collector_scheduler.IncrementalCollectorSchedulerTests.test_never_scanned_sources_are_bootstrapped_fairly_across_queued_ticks) ... ok
test_no_source_is_queued_before_its_interval_is_due (test_incremental_collector_scheduler.IncrementalCollectorSchedulerTests.test_no_source_is_queued_before_its_interval_is_due) ... ok
test_pending_verification_barrier_never_gets_quiet_backoff (test_incremental_collector_scheduler.IncrementalCollectorSchedulerTests.test_pending_verification_barrier_never_gets_quiet_backoff) ... ok
test_queue_start_failure_does_not_back_off_unqueued_source (test_incremental_collector_scheduler.IncrementalCollectorSchedulerTests.test_queue_start_failure_does_not_back_off_unqueued_source) ... ok
test_quiet_completed_scan_doubles_next_interval (test_incremental_collector_scheduler.IncrementalCollectorSchedulerTests.test_quiet_completed_scan_doubles_next_interval) ... ok
test_recent_failed_queued_attempt_on_completed_source_does_not_repeat_every_tick (test_incremental_collector_scheduler.IncrementalCollectorSchedulerTests.test_recent_failed_queued_attempt_on_completed_source_does_not_repeat_every_tick) ... ok
test_scheduler_never_includes_ccgp_until_event_semantics_are_ready (test_incremental_collector_scheduler.IncrementalCollectorSchedulerTests.test_scheduler_never_includes_ccgp_until_event_semantics_are_ready) ... ok
test_selection_is_side_effect_free_until_queue_accepts_source (test_incremental_collector_scheduler.IncrementalCollectorSchedulerTests.test_selection_is_side_effect_free_until_queue_accepts_source) ... ok
test_trigger_supports_auto_selection_without_activating_cron (test_incremental_collector_scheduler.IncrementalCollectorSchedulerTests.test_trigger_supports_auto_selection_without_activating_cron) ... ok
test_cross_day_guard_runs_before_any_incremental_lease_or_official_fetch_path (test_incremental_delivery_clock.IncrementalDeliveryClockTests.test_cross_day_guard_runs_before_any_incremental_lease_or_official_fetch_path) ... ok
test_materially_late_tick_on_aligned_boundary_schedules_strictly_after_delivery (test_incremental_delivery_clock.IncrementalDeliveryClockTests.test_materially_late_tick_on_aligned_boundary_schedules_strictly_after_delivery) ... ok
test_source_payload_clock_is_only_bucket_identity_not_verification_clock (test_incremental_delivery_clock.IncrementalDeliveryClockTests.test_source_payload_clock_is_only_bucket_identity_not_verification_clock) ... ok
test_candidate_reappearing_after_retention_is_treated_as_new (test_incremental_ledger_retention.IncrementalLedgerRetentionTests.test_candidate_reappearing_after_retention_is_treated_as_new) ... ok
test_old_entries_are_pruned_individually_even_while_ledger_key_stays_hot (test_incremental_ledger_retention.IncrementalLedgerRetentionTests.test_old_entries_are_pruned_individually_even_while_ledger_key_stays_hot) ... ok
test_detail_failure_does_not_claim_candidate_was_seen_again_in_index (test_incremental_ledger_timestamps.IncrementalLedgerTimestampTests.test_detail_failure_does_not_claim_candidate_was_seen_again_in_index) ... ok
test_detail_success_updates_verified_time_but_not_discovery_time (test_incremental_ledger_timestamps.IncrementalLedgerTimestampTests.test_detail_success_updates_verified_time_but_not_discovery_time) ... ok
test_authoritative_deep_clear_removes_records_and_barriers (test_incremental_pending_barrier.IncrementalPendingBarrierTests.test_authoritative_deep_clear_removes_records_and_barriers) ... ok
test_clean_barrier_is_cleared_before_public_publish (test_incremental_pending_barrier.IncrementalPendingBarrierTests.test_clean_barrier_is_cleared_before_public_publish) ... ok
test_missing_failed_candidate_cannot_release_staged_siblings (test_incremental_pending_barrier.IncrementalPendingBarrierTests.test_missing_failed_candidate_cannot_release_staged_siblings) ... ok
test_partial_failure_creates_records_and_unresolved_url_barrier (test_incremental_pending_barrier.IncrementalPendingBarrierTests.test_partial_failure_creates_records_and_unresolved_url_barrier) ... ok
test_successful_retry_resolves_barrier_only_for_verified_url (test_incremental_pending_barrier.IncrementalPendingBarrierTests.test_successful_retry_resolves_barrier_only_for_verified_url) ... ok
test_business_date_guard_uses_china_date_not_utc_date (test_incremental_tick_chain.IncrementalTickChainTests.test_business_date_guard_uses_china_date_not_utc_date) ... ok
test_chain_runs_every_fifteen_minutes_and_stops_same_day (test_incremental_tick_chain.IncrementalTickChainTests.test_chain_runs_every_fifteen_minutes_and_stops_same_day) ... ok
test_chain_start_send_failure_is_retriable_instead_of_silently_stopping_day (test_incremental_tick_chain.IncrementalTickChainTests.test_chain_start_send_failure_is_retriable_instead_of_silently_stopping_day) ... ok
test_deep_publish_after_business_window_does_not_start_chain (test_incremental_tick_chain.IncrementalTickChainTests.test_deep_publish_after_business_window_does_not_start_chain) ... ok
test_first_tick_waits_until_china_business_window (test_incremental_tick_chain.IncrementalTickChainTests.test_first_tick_waits_until_china_business_window) ... ok
test_incremental_source_redelivery_checks_business_date_before_lease (test_incremental_tick_chain.IncrementalTickChainTests.test_incremental_source_redelivery_checks_business_date_before_lease) ... ok
test_intraday_attempt_is_marked_only_after_source_queue_accepts (test_incremental_tick_chain.IncrementalTickChainTests.test_intraday_attempt_is_marked_only_after_source_queue_accepts) ... ok
test_late_delivery_skips_backlog_to_first_future_aligned_tick (test_incremental_tick_chain.IncrementalTickChainTests.test_late_delivery_skips_backlog_to_first_future_aligned_tick) ... ok
test_queue_chain_is_accepted_before_terminal_deep_lease_is_released (test_incremental_tick_chain.IncrementalTickChainTests.test_queue_chain_is_accepted_before_terminal_deep_lease_is_released) ... ok
test_small_delivery_delay_does_not_double_tick_interval (test_incremental_tick_chain.IncrementalTickChainTests.test_small_delivery_delay_does_not_double_tick_interval) ... ok
test_tick_delay_never_becomes_negative (test_incremental_tick_chain.IncrementalTickChainTests.test_tick_delay_never_becomes_negative) ... ok
test_tick_payload_is_self_authenticating_by_schedule_contract (test_incremental_tick_chain.IncrementalTickChainTests.test_tick_payload_is_self_authenticating_by_schedule_contract) ... ok
test_tick_payload_never_contains_customer_private_context (test_incremental_tick_chain.IncrementalTickChainTests.test_tick_payload_never_contains_customer_private_context) ... ok
test_tick_schedules_next_before_selecting_or_running_source (test_incremental_tick_chain.IncrementalTickChainTests.test_tick_schedules_next_before_selecting_or_running_source) ... ok
test_legacy_direct_label_does_not_claim_authorization (test_legacy_direct_capability.LegacyDirectCapabilityTests.test_legacy_direct_label_does_not_claim_authorization) ... ok
test_outreach_never_words_legacy_direct_as_authorized (test_legacy_direct_capability.LegacyDirectCapabilityTests.test_outreach_never_words_legacy_direct_as_authorized) ... ok
test_private_scoring_never_treats_legacy_direct_as_authorized (test_legacy_direct_capability.LegacyDirectCapabilityTests.test_private_scoring_never_treats_legacy_direct_as_authorized) ... ok
test_profile_api_accepts_but_normalizes_legacy_direct (test_legacy_direct_capability.LegacyDirectCapabilityTests.test_profile_api_accepts_but_normalizes_legacy_direct) ... ok
test_trial_ivd_aliases_cover_quality_controls_without_generic_antibody (test_legacy_direct_capability.LegacyDirectCapabilityTests.test_trial_ivd_aliases_cover_quality_controls_without_generic_antibody) ... ok
test_trial_scoring_matches_private_legacy_direct_semantics (test_legacy_direct_capability.LegacyDirectCapabilityTests.test_trial_scoring_matches_private_legacy_direct_semantics) ... ok
test_date_only_registration_stays_unknown (test_legal_windows.LegalWindowDerivationTests.test_date_only_registration_stays_unknown) ... ok
test_procurement_intent_has_no_window (test_legal_windows.LegalWindowDerivationTests.test_procurement_intent_has_no_window) ... ok
test_refresh_invalidates_unsupported_legacy_countdown_without_mutation (test_legal_windows.LegalWindowDerivationTests.test_refresh_invalidates_unsupported_legacy_countdown_without_mutation) ... ok
test_registration_dates_never_prove_a_legal_anchor (test_legal_windows.LegalWindowDerivationTests.test_registration_dates_never_prove_a_legal_anchor) ... ok
test_result_date_without_legal_regime_and_period_end_stays_unknown (test_legal_windows.LegalWindowDerivationTests.test_result_date_without_legal_regime_and_period_end_stays_unknown) ... ok
test_bundled_snapshot_contract_is_unchanged_for_scoring (test_legal_windows.SnapshotIntegrationTests.test_bundled_snapshot_contract_is_unchanged_for_scoring) ... ok
test_snapshot_carries_calendar_and_card_windows_outside_facts (test_legal_windows.SnapshotIntegrationTests.test_snapshot_carries_calendar_and_card_windows_outside_facts) ... ok
test_add_working_days_skips_start_day_and_holidays (test_legal_windows.WorkingCalendarTests.test_add_working_days_skips_start_day_and_holidays) ... ok
test_calendar_payload_is_serializable_and_complete (test_legal_windows.WorkingCalendarTests.test_calendar_payload_is_serializable_and_complete) ... ok
test_state_council_2026_schedule (test_legal_windows.WorkingCalendarTests.test_state_council_2026_schedule) ... ok
test_working_days_remaining_counts_today_when_working_day (test_legal_windows.WorkingCalendarTests.test_working_days_remaining_counts_today_when_working_day) ... ok
test_after_contact_user_can_choose_followed_or_explicit_next_action (test_outreach_followup_closure_ui.OutreachFollowupClosureUiTests.test_after_contact_user_can_choose_followed_or_explicit_next_action) ... ok
test_contacted_bridge_reuses_required_next_action_modal (test_outreach_followup_closure_ui.OutreachFollowupClosureUiTests.test_contacted_bridge_reuses_required_next_action_modal) ... ok
test_contacted_state_requires_explicit_user_action_and_does_not_auto_schedule (test_outreach_followup_closure_ui.OutreachFollowupClosureUiTests.test_contacted_state_requires_explicit_user_action_and_does_not_auto_schedule) ... ok
test_copying_draft_never_fakes_contacted_business_state (test_outreach_followup_closure_ui.OutreachFollowupClosureUiTests.test_copying_draft_never_fakes_contacted_business_state) ... ok
test_drawer_explains_copy_and_contact_confirmation_are_separate (test_outreach_followup_closure_ui.OutreachFollowupClosureUiTests.test_drawer_explains_copy_and_contact_confirmation_are_separate) ... ok
test_phone_and_email_actions_do_not_claim_contact_happened (test_outreach_followup_closure_ui.OutreachFollowupClosureUiTests.test_phone_and_email_actions_do_not_claim_contact_happened) ... ok
test_public_contact_never_implies_private_relationship (test_outreach_followup_closure_ui.OutreachFollowupClosureUiTests.test_public_contact_never_implies_private_relationship) ... ok
test_public_contact_quick_actions_only_use_verified_card_contact_fields (test_outreach_followup_closure_ui.OutreachFollowupClosureUiTests.test_public_contact_quick_actions_only_use_verified_card_contact_fields) ... ok
test_scheduled_next_action_keeps_contacted_stage (test_outreach_followup_closure_ui.OutreachFollowupClosureUiTests.test_scheduled_next_action_keeps_contacted_stage) ... ok
test_smoke_covers_continuation_rewrite_without_live_ai (test_pilot_preview_smoke_contract.PilotPreviewSmokeContractTests.test_smoke_covers_continuation_rewrite_without_live_ai) ... ok
test_smoke_exercises_due_reminder_inbox_ack_and_future_persistence (test_pilot_preview_smoke_contract.PilotPreviewSmokeContractTests.test_smoke_exercises_due_reminder_inbox_ack_and_future_persistence) ... ok
test_smoke_persists_target_hospital_across_session_and_export (test_pilot_preview_smoke_contract.PilotPreviewSmokeContractTests.test_smoke_persists_target_hospital_across_session_and_export) ... ok
test_smoke_proves_deleted_account_credentials_stop_working (test_pilot_preview_smoke_contract.PilotPreviewSmokeContractTests.test_smoke_proves_deleted_account_credentials_stop_working) ... ok
test_smoke_proves_target_hospital_does_not_inflate_relationship_score (test_pilot_preview_smoke_contract.PilotPreviewSmokeContractTests.test_smoke_proves_target_hospital_does_not_inflate_relationship_score) ... ok
test_smoke_remains_destructive_safe_for_production (test_pilot_preview_smoke_contract.PilotPreviewSmokeContractTests.test_smoke_remains_destructive_safe_for_production) ... ok
test_smoke_uses_obvious_medical_institution_and_real_ui_capability (test_pilot_preview_smoke_contract.PilotPreviewSmokeContractTests.test_smoke_uses_obvious_medical_institution_and_real_ui_capability) ... ok
test_health_never_exposes_cron_secret_value (test_pipeline_health_cron_secret.PipelineHealthCronSecretTests.test_health_never_exposes_cron_secret_value) ... ok
test_production_health_requires_recent_verified_snapshot (test_pipeline_health_cron_secret.PipelineHealthCronSecretTests.test_production_health_requires_recent_verified_snapshot) ... ok
test_production_requires_cron_secret_but_preview_does_not (test_pipeline_health_cron_secret.PipelineHealthCronSecretTests.test_production_requires_cron_secret_but_preview_does_not) ... ok
test_award_never_stops_correction_watch (test_pr74_evidence_boundaries.EvidenceBoundaryRegressionTests.test_award_never_stops_correction_watch) ... ok
test_conflicting_units_are_unknown (test_pr74_evidence_boundaries.EvidenceBoundaryRegressionTests.test_conflicting_units_are_unknown) ... ok
test_explicit_prices_and_raw_source_remain_available (test_pr74_evidence_boundaries.EvidenceBoundaryRegressionTests.test_explicit_prices_and_raw_source_remain_available) ... ok
test_explicit_units_still_parse (test_pr74_evidence_boundaries.EvidenceBoundaryRegressionTests.test_explicit_units_still_parse) ... ok
test_full_project_completion_requires_its_own_official_evidence (test_pr74_evidence_boundaries.EvidenceBoundaryRegressionTests.test_full_project_completion_requires_its_own_official_evidence) ... ok
test_legacy_price_without_unit_evidence_not_published (test_pr74_evidence_boundaries.EvidenceBoundaryRegressionTests.test_legacy_price_without_unit_evidence_not_published) ... ok
test_misdeclared_price_not_repaired_or_published (test_pr74_evidence_boundaries.EvidenceBoundaryRegressionTests.test_misdeclared_price_not_repaired_or_published) ... ok
test_missing_market_is_never_wildcard (test_pr74_evidence_boundaries.EvidenceBoundaryRegressionTests.test_missing_market_is_never_wildcard) ... ok
test_mixed_currency_headers_are_unknown_even_with_explicit_cny_body (test_pr74_evidence_boundaries.EvidenceBoundaryRegressionTests.test_mixed_currency_headers_are_unknown_even_with_explicit_cny_body) ... ok
test_mixed_currency_headers_never_enter_price_or_package_projection (test_pr74_evidence_boundaries.EvidenceBoundaryRegressionTests.test_mixed_currency_headers_never_enter_price_or_package_projection) ... ok
test_normal_cny_headers_keep_explicit_currency_and_scale (test_pr74_evidence_boundaries.EvidenceBoundaryRegressionTests.test_normal_cny_headers_keep_explicit_currency_and_scale) ... ok
test_old_derived_deadline_not_promoted_by_refresh (test_pr74_evidence_boundaries.EvidenceBoundaryRegressionTests.test_old_derived_deadline_not_promoted_by_refresh) ... ok
test_partial_or_unproven_result_keeps_whole_project (test_pr74_evidence_boundaries.EvidenceBoundaryRegressionTests.test_partial_or_unproven_result_keeps_whole_project) ... ok
test_partial_result_cannot_close_project_even_with_completion_flag (test_pr74_evidence_boundaries.EvidenceBoundaryRegressionTests.test_partial_result_cannot_close_project_even_with_completion_flag) ... ok
test_price_cannot_use_an_unverified_or_contradictory_bound (test_pr74_evidence_boundaries.EvidenceBoundaryRegressionTests.test_price_cannot_use_an_unverified_or_contradictory_bound) ... ok
test_price_uses_only_verified_bounds (test_pr74_evidence_boundaries.EvidenceBoundaryRegressionTests.test_price_uses_only_verified_bounds) ... ok
test_unitless_large_amount_is_unknown (test_pr74_evidence_boundaries.EvidenceBoundaryRegressionTests.test_unitless_large_amount_is_unknown) ... ok
test_unsupported_currency_scale_percentage_and_negative_are_unknown (test_pr74_evidence_boundaries.EvidenceBoundaryRegressionTests.test_unsupported_currency_scale_percentage_and_negative_are_unknown) ... ok
test_unsupported_header_and_malformed_amount_are_unknown (test_pr74_evidence_boundaries.EvidenceBoundaryRegressionTests.test_unsupported_header_and_malformed_amount_are_unknown) ... ok
test_unverified_regime_or_anchor_has_unknown_window (test_pr74_evidence_boundaries.EvidenceBoundaryRegressionTests.test_unverified_regime_or_anchor_has_unknown_window) ... ok
test_http_error_is_reported_without_token (test_prewarm_ai_decisions.PrewarmAiDecisionsTests.test_http_error_is_reported_without_token) ... ok
test_loops_until_nothing_remains (test_prewarm_ai_decisions.PrewarmAiDecisionsTests.test_loops_until_nothing_remains) ... prewarm round 1: candidates=40 cached=5 generated=10 errors=0 remaining=15
prewarm round 2: candidates=40 cached=0 generated=10 errors=0 remaining=5
prewarm round 3: candidates=40 cached=0 generated=5 errors=0 remaining=0
ok
test_main_is_best_effort_unless_strict (test_prewarm_ai_decisions.PrewarmAiDecisionsTests.test_main_is_best_effort_unless_strict) ... AI prewarm skipped: PREWARM_TOKEN_REQUIRED
AI prewarm skipped: PREWARM_TOKEN_REQUIRED
ok
test_refresh_workflows_prewarm_after_publish_without_failing_refresh (test_prewarm_ai_decisions.PrewarmAiDecisionsTests.test_refresh_workflows_prewarm_after_publish_without_failing_refresh) ... ok
test_rejects_non_prewarm_response (test_prewarm_ai_decisions.PrewarmAiDecisionsTests.test_rejects_non_prewarm_response) ... ok
test_respects_round_budget (test_prewarm_ai_decisions.PrewarmAiDecisionsTests.test_respects_round_budget) ... prewarm round 1: candidates=40 cached=0 generated=10 errors=0 remaining=50
prewarm round 2: candidates=40 cached=0 generated=10 errors=0 remaining=50
prewarm round 3: candidates=40 cached=0 generated=10 errors=0 remaining=50
ok
test_stops_when_a_round_makes_no_progress (test_prewarm_ai_decisions.PrewarmAiDecisionsTests.test_stops_when_a_round_makes_no_progress) ... prewarm round 1: candidates=40 cached=0 generated=0 errors=10 remaining=12
ok
test_token_prefers_dedicated_secret_then_publisher (test_prewarm_ai_decisions.PrewarmAiDecisionsTests.test_token_prefers_dedicated_secret_then_publisher) ... ok
test_url_must_be_https_and_gets_route (test_prewarm_ai_decisions.PrewarmAiDecisionsTests.test_url_must_be_https_and_gets_route) ... ok
test_workflow_snippet_is_documented (test_prewarm_ai_decisions.PrewarmAiDecisionsTests.test_workflow_snippet_is_documented) ... ok
test_account_deletion_requires_current_password (test_private_account_lifecycle.PrivateAccountLifecycleTests.test_account_deletion_requires_current_password) ... ok
test_account_routes_share_existing_auth_function (test_private_account_lifecycle.PrivateAccountLifecycleTests.test_account_routes_share_existing_auth_function) ... ok
test_auth_responses_include_frontend_required_identity_fields (test_private_account_lifecycle.PrivateAccountLifecycleTests.test_auth_responses_include_frontend_required_identity_fields) ... ok
test_consumed_invite_cannot_be_reused_after_user_is_deleted (test_private_account_lifecycle.PrivateAccountLifecycleTests.test_consumed_invite_cannot_be_reused_after_user_is_deleted) ... ok
test_export_does_not_select_password_or_session_secret (test_private_account_lifecycle.PrivateAccountLifecycleTests.test_export_does_not_select_password_or_session_secret) ... ok
test_local_scope_is_opaque_stable_account_identity_not_username (test_private_account_lifecycle.PrivateAccountLifecycleTests.test_local_scope_is_opaque_stable_account_identity_not_username) ... ok
test_private_outcome_review_is_exported_and_deleted_with_account (test_private_account_lifecycle.PrivateAccountLifecycleTests.test_private_outcome_review_is_exported_and_deleted_with_account) ... ok
test_profile_destructive_writes_are_scoped_to_current_organization (test_private_data_invariants.PrivateDataInvariantTests.test_profile_destructive_writes_are_scoped_to_current_organization) ... ok
test_profile_resource_rows_are_written_in_bounded_bulk_statements (test_private_data_invariants.PrivateDataInvariantTests.test_profile_resource_rows_are_written_in_bounded_bulk_statements) ... ok
test_profile_write_deduplicates_logical_resource_scopes (test_private_data_invariants.PrivateDataInvariantTests.test_profile_write_deduplicates_logical_resource_scopes) ... ok
test_reminder_is_independent_from_non_terminal_sales_stage (test_private_data_invariants.PrivateDataInvariantTests.test_reminder_is_independent_from_non_terminal_sales_stage) ... ok
test_client_rejects_duplicate_or_internally_inconsistent_reason_counts (test_private_outcome_summary.PrivateOutcomeSummaryTests.test_client_rejects_duplicate_or_internally_inconsistent_reason_counts) ... ok
test_client_validates_server_math_and_supports_local_demo (test_private_outcome_summary.PrivateOutcomeSummaryTests.test_client_validates_server_math_and_supports_local_demo) ... ok
test_controlled_win_and_loss_reviews_survive_later_freeform_notes (test_private_outcome_summary.PrivateOutcomeSummaryTests.test_controlled_win_and_loss_reviews_survive_later_freeform_notes) ... ok
test_followed_page_surfaces_private_review_without_claiming_public_learning (test_private_outcome_summary.PrivateOutcomeSummaryTests.test_followed_page_surfaces_private_review_without_claiming_public_learning) ... ok
test_outcome_summary_hot_paths_have_bounded_private_indexes (test_private_outcome_summary.PrivateOutcomeSummaryTests.test_outcome_summary_hot_paths_have_bounded_private_indexes) ... ok
test_server_summary_is_current_account_private_only (test_private_outcome_summary.PrivateOutcomeSummaryTests.test_server_summary_is_current_account_private_only) ... ok
test_small_sample_is_recorded_without_claiming_a_business_rule (test_private_outcome_summary.PrivateOutcomeSummaryTests.test_small_sample_is_recorded_without_claiming_a_business_rule) ... ok
test_summary_fails_closed_instead_of_returning_truncated_statistics (test_private_outcome_summary.PrivateOutcomeSummaryTests.test_summary_fails_closed_instead_of_returning_truncated_statistics) ... ok
test_guard_executes_before_event_insert_and_status_update (test_private_outcome_transition_guard.PrivateOutcomeTransitionGuardTests.test_guard_executes_before_event_insert_and_status_update) ... ok
test_idempotency_short_circuits_before_transition_guard (test_private_outcome_transition_guard.PrivateOutcomeTransitionGuardTests.test_idempotency_short_circuits_before_transition_guard) ... ok
test_same_terminal_status_can_still_accept_later_freeform_notes (test_private_outcome_transition_guard.PrivateOutcomeTransitionGuardTests.test_same_terminal_status_can_still_accept_later_freeform_notes) ... ok
test_server_has_exact_controlled_win_and_loss_review_labels (test_private_outcome_transition_guard.PrivateOutcomeTransitionGuardTests.test_server_has_exact_controlled_win_and_loss_review_labels) ... ok
test_transition_guard_uses_locked_current_status (test_private_outcome_transition_guard.PrivateOutcomeTransitionGuardTests.test_transition_guard_uses_locked_current_status) ... ok
test_profile_load_uses_one_bounded_database_roundtrip (test_private_profile_query_pressure.PrivateProfileQueryPressureTests.test_profile_load_uses_one_bounded_database_roundtrip) ... ok
test_profile_query_keeps_user_and_organization_scope (test_private_profile_query_pressure.PrivateProfileQueryPressureTests.test_profile_query_keeps_user_and_organization_scope) ... ok
test_current_schema_skips_repeated_full_ddl (test_private_schema_bootstrap.PrivateSchemaBootstrapTests.test_current_schema_skips_repeated_full_ddl) ... ok
test_schema_migration_is_serialized_and_versioned (test_private_schema_bootstrap.PrivateSchemaBootstrapTests.test_schema_migration_is_serialized_and_versioned) ... ok
test_market_research_without_deadline_keeps_existing_intervention_contract (test_procurement_intent_actionability.ProcurementIntentActionabilityTests.test_market_research_without_deadline_keeps_existing_intervention_contract) ... ok
test_procurement_intent_is_pre_market_signal_not_open_opportunity (test_procurement_intent_actionability.ProcurementIntentActionabilityTests.test_procurement_intent_is_pre_market_signal_not_open_opportunity) ... ok
test_procurement_intent_remains_visible_for_advance_layout (test_procurement_intent_actionability.ProcurementIntentActionabilityTests.test_procurement_intent_remains_visible_for_advance_layout) ... ok
test_procurement_intent_without_deadline_has_no_fake_urgency (test_procurement_intent_actionability.ProcurementIntentActionabilityTests.test_procurement_intent_without_deadline_has_no_fake_urgency) ... ok
test_quality_flag_only_refresh_replaces_same_intent_without_duplicate (test_procurement_intent_followup_materialization.ProcurementIntentFollowupMaterializationTests.test_quality_flag_only_refresh_replaces_same_intent_without_duplicate) ... ok
test_real_four_intents_route_by_official_live_probe_outcome (test_procurement_intent_followup_materialization.ProcurementIntentFollowupMaterializationTests.test_real_four_intents_route_by_official_live_probe_outcome) ... ok
test_ceb_hint_is_preserved_but_never_executed_without_verified_adapter (test_procurement_intent_followup_plan.ProcurementIntentFollowupPlanTests.test_ceb_hint_is_preserved_but_never_executed_without_verified_adapter) ... ok
test_no_official_source_flag_means_no_directed_task (test_procurement_intent_followup_plan.ProcurementIntentFollowupPlanTests.test_no_official_source_flag_means_no_directed_task) ... ok
test_non_intent_and_stale_or_future_records_are_ignored (test_procurement_intent_followup_plan.ProcurementIntentFollowupPlanTests.test_non_intent_and_stale_or_future_records_are_ignored) ... ok
test_task_and_keyword_caps_bound_network_expansion (test_procurement_intent_followup_plan.ProcurementIntentFollowupPlanTests.test_task_and_keyword_caps_bound_network_expansion) ... ok
test_tianjin_gpc_hint_routes_only_to_existing_ccgp_discovery (test_procurement_intent_followup_plan.ProcurementIntentFollowupPlanTests.test_tianjin_gpc_hint_routes_only_to_existing_ccgp_discovery) ... ok
test_timezone_is_required (test_procurement_intent_followup_plan.ProcurementIntentFollowupPlanTests.test_timezone_is_required) ... ok
test_manual_platform_link_never_mutates_business_state (test_procurement_intent_followup_source_ui.ProcurementIntentFollowupSourceUiTests.test_manual_platform_link_never_mutates_business_state) ... ok
test_notice_only_uses_verified_quality_flag_contract (test_procurement_intent_followup_source_ui.ProcurementIntentFollowupSourceUiTests.test_notice_only_uses_verified_quality_flag_contract) ... ok
test_page_surfaces_search_term_without_inventing_formal_facts (test_procurement_intent_followup_source_ui.ProcurementIntentFollowupSourceUiTests.test_page_surfaces_search_term_without_inventing_formal_facts) ... ok
test_tianjin_and_ceb_have_distinct_operational_copy (test_procurement_intent_followup_source_ui.ProcurementIntentFollowupSourceUiTests.test_tianjin_and_ceb_have_distinct_operational_copy) ... ok
test_formal_candidate_can_be_explicitly_followed_without_confirming_lineage (test_procurement_intent_followup_ui.ProcurementIntentFollowupUiTests.test_formal_candidate_can_be_explicitly_followed_without_confirming_lineage) ... ok
test_formal_reminder_uses_earliest_future_verified_deadline_and_stays_before_it (test_procurement_intent_followup_ui.ProcurementIntentFollowupUiTests.test_formal_reminder_uses_earliest_future_verified_deadline_and_stays_before_it) ... ok
test_formal_successor_is_promoted_ahead_of_phase_only_monitoring (test_procurement_intent_followup_ui.ProcurementIntentFollowupUiTests.test_formal_successor_is_promoted_ahead_of_phase_only_monitoring) ... ok
test_intent_followup_requires_explicit_user_action (test_procurement_intent_followup_ui.ProcurementIntentFollowupUiTests.test_intent_followup_requires_explicit_user_action) ... ok
test_intents_are_prioritized_by_expected_procurement_window_phase (test_procurement_intent_followup_ui.ProcurementIntentFollowupUiTests.test_intents_are_prioritized_by_expected_procurement_window_phase) ... ok
test_next_action_reuses_existing_reminder_and_preserves_current_stage (test_procurement_intent_followup_ui.ProcurementIntentFollowupUiTests.test_next_action_reuses_existing_reminder_and_preserves_current_stage) ... ok
test_phase_actions_are_operational_but_do_not_invent_business_outcomes (test_procurement_intent_followup_ui.ProcurementIntentFollowupUiTests.test_phase_actions_are_operational_but_do_not_invent_business_outcomes) ... ok
test_public_phone_is_one_tap_but_never_auto_marks_contacted (test_procurement_intent_followup_ui.ProcurementIntentFollowupUiTests.test_public_phone_is_one_tap_but_never_auto_marks_contacted) ... ok
test_real_lung_function_lineage_uses_verified_canonical_history_not_active_pool (test_procurement_intent_followup_ui.ProcurementIntentFollowupUiTests.test_real_lung_function_lineage_uses_verified_canonical_history_not_active_pool) ... ok
test_shared_reminder_modal_bounds_only_callers_that_supply_verified_max_date (test_procurement_intent_followup_ui.ProcurementIntentFollowupUiTests.test_shared_reminder_modal_bounds_only_callers_that_supply_verified_max_date) ... ok
test_successor_linkage_is_conservative_and_explained_as_candidate_only (test_procurement_intent_followup_ui.ProcurementIntentFollowupUiTests.test_successor_linkage_is_conservative_and_explained_as_candidate_only) ... ok
test_today_exposes_intent_followup_without_loading_full_pool (test_procurement_intent_followup_ui.ProcurementIntentFollowupUiTests.test_today_exposes_intent_followup_without_loading_full_pool) ... ok
test_today_light_summary_surfaces_formal_window_without_private_context (test_procurement_intent_followup_ui.ProcurementIntentFollowupUiTests.test_today_light_summary_surfaces_formal_window_without_private_context) ... ok
test_workspace_is_routed_without_new_backend_surface (test_procurement_intent_followup_ui.ProcurementIntentFollowupUiTests.test_workspace_is_routed_without_new_backend_surface) ... ok
test_contact_shortcuts_do_not_auto_mutate_crm_contacted_status (test_public_contact_actions.PublicContactActionsTests.test_contact_shortcuts_do_not_auto_mutate_crm_contacted_status) ... ok
test_mobile_sales_surfaces_offer_tel_and_mailto_for_verified_public_contacts (test_public_contact_actions.PublicContactActionsTests.test_mobile_sales_surfaces_offer_tel_and_mailto_for_verified_public_contacts) ... ok
test_multiple_public_phone_numbers_are_never_concatenated_into_one_dial_target (test_public_contact_actions.PublicContactActionsTests.test_multiple_public_phone_numbers_are_never_concatenated_into_one_dial_target) ... ok
test_duplicate_materialization_is_suppressed_per_warm_instance (test_public_materialization_background.PublicMaterializationBackgroundTests.test_duplicate_materialization_is_suppressed_per_warm_instance) ... ok
test_vercel_schedules_side_store_after_response_path (test_public_materialization_background.PublicMaterializationBackgroundTests.test_vercel_schedules_side_store_after_response_path) ... ok
test_detail_history_is_on_demand_and_separate_from_private_followup (test_public_opportunity_history.PublicOpportunityHistoryTests.test_detail_history_is_on_demand_and_separate_from_private_followup) ... ok
test_history_api_returns_before_and_after_only_for_safe_public_fields (test_public_opportunity_history.PublicOpportunityHistoryTests.test_history_api_returns_before_and_after_only_for_safe_public_fields) ... ok
test_history_reuses_existing_profile_serverless_function (test_public_opportunity_history.PublicOpportunityHistoryTests.test_history_reuses_existing_profile_serverless_function) ... ok
test_history_route_requires_authenticated_account (test_public_opportunity_history.PublicOpportunityHistoryTests.test_history_route_requires_authenticated_account) ... ok
test_version_history_reads_public_table_only_and_never_private_profile (test_public_opportunity_history.PublicOpportunityHistoryTests.test_version_history_reads_public_table_only_and_never_private_profile) ... ok
test_current_public_schema_skips_full_ddl (test_public_schema_bootstrap.PublicSchemaBootstrapTests.test_current_public_schema_skips_full_ddl) ... ok
test_public_schema_migration_is_serialized_and_versioned (test_public_schema_bootstrap.PublicSchemaBootstrapTests.test_public_schema_migration_is_serialized_and_versioned) ... ok
test_award_only_retires_opportunities_of_its_own_market (test_public_snapshot_awards.AwardSnapshotIntegrationTests.test_award_only_retires_opportunities_of_its_own_market) ... ok
test_event_watch_list_keeps_awarded_projects_in_order (test_public_snapshot_awards.AwardSnapshotIntegrationTests.test_event_watch_list_keeps_awarded_projects_in_order) ... ok
test_full_width_or_spaced_pool_number_still_retires (test_public_snapshot_awards.AwardSnapshotIntegrationTests.test_full_width_or_spaced_pool_number_still_retires) ... ok
test_future_dated_award_is_not_effective_yet (test_public_snapshot_awards.AwardSnapshotIntegrationTests.test_future_dated_award_is_not_effective_yet) ... ok
test_ledger_entry_is_compact_and_public_only (test_public_snapshot_awards.AwardSnapshotIntegrationTests.test_ledger_entry_is_compact_and_public_only) ... ok
test_ledger_is_bounded_and_newest_first (test_public_snapshot_awards.AwardSnapshotIntegrationTests.test_ledger_is_bounded_and_newest_first) ... ok
test_published_award_retires_the_matching_pool_record (test_public_snapshot_awards.AwardSnapshotIntegrationTests.test_published_award_retires_the_matching_pool_record) ... ok
test_scope_wrapper_and_combiner_pass_the_ledger_through (test_public_snapshot_awards.AwardSnapshotIntegrationTests.test_scope_wrapper_and_combiner_pass_the_ledger_through) ... ok
test_seeded_store_contains_real_tianjin_awards_matching_pool_projects (test_public_snapshot_awards.AwardSnapshotIntegrationTests.test_seeded_store_contains_real_tianjin_awards_matching_pool_projects) ... ok
test_local_refresh_source_set_matches_daily_deep_snapshot_inputs (test_published_web_snapshot.PublishedWebSnapshotTests.test_local_refresh_source_set_matches_daily_deep_snapshot_inputs) ... ok
test_published_web_snapshot_matches_pipeline_output (test_published_web_snapshot.PublishedWebSnapshotTests.test_published_web_snapshot_matches_pipeline_output) ... ok
test_private_queue_consumer_group_matches_vercel_function_path (test_queue_consumer_registration.QueueConsumerRegistrationTests.test_private_queue_consumer_group_matches_vercel_function_path) ... ok
test_queue_topic_matches_v2_runtime_namespace (test_queue_consumer_registration.QueueConsumerRegistrationTests.test_queue_topic_matches_v2_runtime_namespace) ... ok
test_each_market_keeps_only_rows_its_geography_proves (test_regional_award_sync.RegionalAwardSyncTests.test_each_market_keeps_only_rows_its_geography_proves) ... ok
test_plan_lists_the_five_non_tianjin_markets_with_a_per_market_budget (test_regional_award_sync.RegionalAwardSyncTests.test_plan_lists_the_five_non_tianjin_markets_with_a_per_market_budget) ... ok
test_previous_awards_are_carried_forward_when_every_search_fails (test_regional_award_sync.RegionalAwardSyncTests.test_previous_awards_are_carried_forward_when_every_search_fails) ... ok
test_clear_administration_exclusions_are_skipped_before_detail (test_regional_candidate_classification.RegionalCandidateClassificationTests.test_clear_administration_exclusions_are_skipped_before_detail) ... ok
test_detail_budget_prioritizes_sparse_medical_device_and_it_titles (test_regional_candidate_classification.RegionalCandidateClassificationTests.test_detail_budget_prioritizes_sparse_medical_device_and_it_titles) ... ok
test_medical_competitive_notice_remains_actionable (test_regional_candidate_classification.RegionalCandidateClassificationTests.test_medical_competitive_notice_remains_actionable) ... ok
test_medical_single_source_publicity_is_non_competitive (test_regional_candidate_classification.RegionalCandidateClassificationTests.test_medical_single_source_publicity_is_non_competitive) ... ok
test_regional_sync_classifies_and_prioritizes_before_detail_budget (test_regional_candidate_classification.RegionalCandidateClassificationTests.test_regional_sync_classifies_and_prioritizes_before_detail_budget) ... ok
test_search_query_type_cannot_override_single_source_title (test_regional_candidate_classification.RegionalCandidateClassificationTests.test_search_query_type_cannot_override_single_source_title) ... ok
test_sparse_but_clear_medical_titles_are_not_false_negative_skips (test_regional_candidate_classification.RegionalCandidateClassificationTests.test_sparse_but_clear_medical_titles_are_not_false_negative_skips) ... ok
test_unseen_official_url_wins_budget_before_existing_recheck (test_regional_candidate_classification.RegionalCandidateClassificationTests.test_unseen_official_url_wins_budget_before_existing_recheck) ... ok
test_unseen_selection_still_prefers_medical_relevance_then_recency (test_regional_candidate_classification.RegionalCandidateClassificationTests.test_unseen_selection_still_prefers_medical_relevance_then_recency) ... ok
test_market_run_verifies_matched_titles_only_and_stamps_market (test_regional_event_sync.MarketEventSyncTests.test_market_run_verifies_matched_titles_only_and_stamps_market) ... ok
test_official_notice_flag_is_exported_for_the_ui (test_regional_event_sync.MarketEventSyncTests.test_official_notice_flag_is_exported_for_the_ui) ... ok
test_regional_run_merges_markets_and_keeps_existing_events (test_regional_event_sync.MarketEventSyncTests.test_regional_run_merges_markets_and_keeps_existing_events) ... ok
test_time_budget_stops_requests_but_keeps_verified_events (test_regional_event_sync.MarketEventSyncTests.test_time_budget_stops_requests_but_keeps_verified_events) ... ok
test_repo_plan_is_regional_only_and_event_typed (test_regional_event_sync.PlanAndMatchingTests.test_repo_plan_is_regional_only_and_event_typed) ... ok
test_titles_match_pool_by_long_number_or_name_only (test_regional_event_sync.PlanAndMatchingTests.test_titles_match_pool_by_long_number_or_name_only) ... ok
test_relative_window_expires_operationally_after_bounded_period (test_relative_registration_window.RelativeRegistrationWindowTests.test_relative_window_expires_operationally_after_bounded_period) ... ok
test_relative_window_is_actionable_without_fake_official_deadline (test_relative_registration_window.RelativeRegistrationWindowTests.test_relative_window_is_actionable_without_fake_official_deadline) ... ok
test_detail_persists_next_action_without_changing_stage (test_reminder_next_action_ui.ReminderNextActionUiTests.test_detail_persists_next_action_without_changing_stage) ... ok
test_due_panel_promotes_action_note_to_next_step (test_reminder_next_action_ui.ReminderNextActionUiTests.test_due_panel_promotes_action_note_to_next_step) ... ok
test_due_reminder_already_surfaces_latest_private_note (test_reminder_next_action_ui.ReminderNextActionUiTests.test_due_reminder_already_surfaces_latest_private_note) ... ok
test_reminder_requires_explicit_next_action (test_reminder_next_action_ui.ReminderNextActionUiTests.test_reminder_requires_explicit_next_action) ... ok
test_today_persists_next_action_as_private_followup_note (test_reminder_next_action_ui.ReminderNextActionUiTests.test_today_persists_next_action_as_private_followup_note) ... ok
test_detail_reminder_preserves_current_status (test_reminder_stage_independence.ReminderStageIndependenceTests.test_detail_reminder_preserves_current_status) ... ok
test_due_reminder_inbox_is_independent_from_monitor (test_reminder_stage_independence.ReminderStageIndependenceTests.test_due_reminder_inbox_is_independent_from_monitor) ... ok
test_local_due_reminders_exclude_terminal_results (test_reminder_stage_independence.ReminderStageIndependenceTests.test_local_due_reminders_exclude_terminal_results) ... ok
test_local_store_preserves_reminder_and_allows_new_with_reminder (test_reminder_stage_independence.ReminderStageIndependenceTests.test_local_store_preserves_reminder_and_allows_new_with_reminder) ... ok
test_monitor_remains_a_normal_sales_stage (test_reminder_stage_independence.ReminderStageIndependenceTests.test_monitor_remains_a_normal_sales_stage) ... ok
test_reminder_copy_explicitly_says_stage_is_unchanged (test_reminder_stage_independence.ReminderStageIndependenceTests.test_reminder_copy_explicitly_says_stage_is_unchanged) ... ok
test_server_accepts_reminder_without_forcing_monitor (test_reminder_stage_independence.ReminderStageIndependenceTests.test_server_accepts_reminder_without_forcing_monitor) ... ok
test_server_preserves_reminder_across_non_terminal_stage_changes (test_reminder_stage_independence.ReminderStageIndependenceTests.test_server_preserves_reminder_across_non_terminal_stage_changes) ... ok
test_terminal_sales_results_do_not_offer_new_reminders (test_reminder_stage_independence.ReminderStageIndependenceTests.test_terminal_sales_results_do_not_offer_new_reminders) ... ok
test_today_reminder_preserves_current_status (test_reminder_stage_independence.ReminderStageIndependenceTests.test_today_reminder_preserves_current_status) ... ok
test_real_pilot_rechecks_verified_deadlines_at_request_time (test_runtime_opportunity_time_contract.RuntimeOpportunityTimeContractTests.test_real_pilot_rechecks_verified_deadlines_at_request_time) ... ok
test_runtime_layer_does_not_create_or_rewrite_public_facts (test_runtime_opportunity_time_contract.RuntimeOpportunityTimeContractTests.test_runtime_layer_does_not_create_or_rewrite_public_facts) ... ok
test_verified_trial_keeps_runtime_deadline_and_recomputes_temporal_score (test_runtime_opportunity_time_contract.RuntimeOpportunityTimeContractTests.test_verified_trial_keeps_runtime_deadline_and_recomputes_temporal_score) ... ok
test_frontend_accepts_all_server_snapshot_source_modes (test_runtime_status_ui_contract.RuntimeStatusUiContractTests.test_frontend_accepts_all_server_snapshot_source_modes) ... ok
test_shared_runtime_helpers_surface_stale_fallback_and_unavailable_snapshot (test_runtime_status_ui_contract.RuntimeStatusUiContractTests.test_shared_runtime_helpers_surface_stale_fallback_and_unavailable_snapshot) ... ok
test_stale_snapshot_blocks_only_automation_not_manual_crm_actions (test_runtime_status_ui_contract.RuntimeStatusUiContractTests.test_stale_snapshot_blocks_only_automation_not_manual_crm_actions) ... ok
test_runtime_product_does_not_embed_first_customer_nickname (test_shared_public_intelligence_architecture.ProductNeutralLanguageTests.test_runtime_product_does_not_embed_first_customer_nickname) ... ok
test_existing_ai_cache_is_not_mistaken_for_durable_shared_public_cache (test_shared_public_intelligence_architecture.SharedPublicIntelligenceArchitectureTests.test_existing_ai_cache_is_not_mistaken_for_durable_shared_public_cache) ... ok
test_public_history_schema_is_region_and_version_scoped (test_shared_public_intelligence_architecture.SharedPublicIntelligenceArchitectureTests.test_public_history_schema_is_region_and_version_scoped) ... ok
test_today_limit_is_separate_display_preference (test_shared_public_intelligence_architecture.SharedPublicIntelligenceArchitectureTests.test_today_limit_is_separate_display_preference) ... ok
test_today_response_batches_followup_and_feedback_summary (test_shared_public_intelligence_architecture.SharedPublicIntelligenceArchitectureTests.test_today_response_batches_followup_and_feedback_summary) ... ok
test_method_is_restricted_to_put_or_post (test_snapshot_http_publish.SnapshotHttpPublishTests.test_method_is_restricted_to_put_or_post) ... ok
test_payload_requires_public_snapshot_contract (test_snapshot_http_publish.SnapshotHttpPublishTests.test_payload_requires_public_snapshot_contract) ... ok
test_publish_url_rejects_embedded_userinfo (test_snapshot_http_publish.SnapshotHttpPublishTests.test_publish_url_rejects_embedded_userinfo) ... ok
test_publish_url_requires_https (test_snapshot_http_publish.SnapshotHttpPublishTests.test_publish_url_requires_https) ... ok
test_valid_payload_and_request_include_digest_without_leaking_token (test_snapshot_http_publish.SnapshotHttpPublishTests.test_valid_payload_and_request_include_digest_without_leaking_token) ... ok
test_duplicate_opportunity_ids_are_rejected (test_snapshot_roundtrip.SnapshotRoundTripTests.test_duplicate_opportunity_ids_are_rejected) ... ok
test_fresh_read_url_bypasses_cdn_cache_with_unique_token (test_snapshot_roundtrip.SnapshotRoundTripTests.test_fresh_read_url_bypasses_cdn_cache_with_unique_token) ... ok
test_read_url_rejects_embedded_userinfo (test_snapshot_roundtrip.SnapshotRoundTripTests.test_read_url_rejects_embedded_userinfo) ... ok
test_read_url_requires_https (test_snapshot_roundtrip.SnapshotRoundTripTests.test_read_url_requires_https) ... ok
test_remote_json_must_match_public_snapshot_contract (test_snapshot_roundtrip.SnapshotRoundTripTests.test_remote_json_must_match_public_snapshot_contract) ... ok
test_snapshot_as_of_mismatch_fails_closed (test_snapshot_roundtrip.SnapshotRoundTripTests.test_snapshot_as_of_mismatch_fails_closed) ... ok
test_top5_or_pool_id_mismatch_fails_closed (test_snapshot_roundtrip.SnapshotRoundTripTests.test_top5_or_pool_id_mismatch_fails_closed) ... ok
test_verify_roundtrip_reports_byte_identical_for_same_payload (test_snapshot_roundtrip.SnapshotRoundTripTests.test_verify_roundtrip_reports_byte_identical_for_same_payload) ... ok
test_corrected_project_number_replaces_same_opportunity_id (test_state.PipelineStateTests.test_corrected_project_number_replaces_same_opportunity_id) ... ok
test_event_watch_keeps_only_active_ccgp_projects (test_state.PipelineStateTests.test_event_watch_keeps_only_active_ccgp_projects) ... ok
test_event_with_same_id_can_be_reconciled_by_newer_state (test_state.PipelineStateTests.test_event_with_same_id_can_be_reconciled_by_newer_state) ... ok
test_existing_seed_and_live_overlap_is_collapsed_before_new_refresh (test_state.PipelineStateTests.test_existing_seed_and_live_overlap_is_collapsed_before_new_refresh) ... ok
test_hospital_seed_transitions_to_live_state_without_duplicate (test_state.PipelineStateTests.test_hospital_seed_transitions_to_live_state_without_duplicate) ... ok
test_later_live_state_wins_before_new_verified_record_is_applied (test_state.PipelineStateTests.test_later_live_state_wins_before_new_verified_record_is_applied) ... ok
test_new_record_collapses_project_and_opportunity_identity_duplicates (test_state.PipelineStateTests.test_new_record_collapses_project_and_opportunity_identity_duplicates) ... ok
test_new_record_replaces_same_project_number_without_duplicate_state (test_state.PipelineStateTests.test_new_record_replaces_same_project_number_without_duplicate_state) ... ok
test_ai_contract_requires_confirmed_execution_context_for_resource_action (test_target_hospital_context.TargetHospitalContextTests.test_ai_contract_requires_confirmed_execution_context_for_resource_action) ... ok
test_detail_one_click_target_defaults_to_whole_hospital (test_target_hospital_context.TargetHospitalContextTests.test_detail_one_click_target_defaults_to_whole_hospital) ... ok
test_detail_target_scope_matches_server_department_semantics (test_target_hospital_context.TargetHospitalContextTests.test_detail_target_scope_matches_server_department_semantics) ... ok
test_frontend_shows_target_and_relationship_separately (test_target_hospital_context.TargetHospitalContextTests.test_frontend_shows_target_and_relationship_separately) ... ok
test_private_context_loads_target_hospitals_separately (test_target_hospital_context.TargetHospitalContextTests.test_private_context_loads_target_hospitals_separately) ... ok
test_target_focus_marks_personalized_match_without_score_inflation (test_target_hospital_context.TargetHospitalContextTests.test_target_focus_marks_personalized_match_without_score_inflation) ... ok
test_target_hospital_does_not_add_relationship_points (test_target_hospital_context.TargetHospitalContextTests.test_target_hospital_does_not_add_relationship_points) ... ok
test_trial_ai_keeps_target_focus_as_context_without_affecting_score (test_target_hospital_context.TargetHospitalContextTests.test_trial_ai_keeps_target_focus_as_context_without_affecting_score) ... ok
test_clear_profile_deletes_targets_independently (test_target_hospital_model.TargetHospitalModelTests.test_clear_profile_deletes_targets_independently) ... ok
test_target_hospitals_are_separate_from_relationships (test_target_hospital_model.TargetHospitalModelTests.test_target_hospitals_are_separate_from_relationships) ... ok
test_target_profile_write_is_backward_compatible (test_target_hospital_model.TargetHospitalModelTests.test_target_profile_write_is_backward_compatible) ... ok
test_mobile_navigation_promotes_targets_without_six_primary_tabs (test_target_hospital_operating_view.TargetHospitalOperatingViewTests.test_mobile_navigation_promotes_targets_without_six_primary_tabs) ... ok
test_target_operating_view_is_routable_without_new_backend_function (test_target_hospital_operating_view.TargetHospitalOperatingViewTests.test_target_operating_view_is_routable_without_new_backend_function) ... ok
test_target_view_keeps_focus_relationship_and_public_channel_distinct (test_target_hospital_operating_view.TargetHospitalOperatingViewTests.test_target_view_keeps_focus_relationship_and_public_channel_distinct) ... ok
test_target_view_keeps_zero_opportunity_targets_visible (test_target_hospital_operating_view.TargetHospitalOperatingViewTests.test_target_view_keeps_zero_opportunity_targets_visible) ... ok
test_index_keeps_only_official_early_signal_titles (test_teda_discovery.TedaDiscoveryTests.test_index_keeps_only_official_early_signal_titles) ... ok
test_non_official_index_host_is_rejected (test_teda_discovery.TedaDiscoveryTests.test_non_official_index_host_is_rejected) ... ok
test_pagination_contract_is_bounded_and_deterministic (test_teda_discovery.TedaDiscoveryTests.test_pagination_contract_is_bounded_and_deterministic) ... ok
test_stable_id_uses_official_article_id (test_teda_discovery.TedaDiscoveryTests.test_stable_id_uses_official_article_id) ... ok
test_argument_notice_preserves_exact_afternoon_deadline (test_teda_market_research.TedaMarketResearchTests.test_argument_notice_preserves_exact_afternoon_deadline) ... ok
test_demand_research_becomes_verified_date_only_record (test_teda_market_research.TedaMarketResearchTests.test_demand_research_becomes_verified_date_only_record) ... ok
test_detail_and_index_publication_dates_must_agree (test_teda_market_research.TedaMarketResearchTests.test_detail_and_index_publication_dates_must_agree) ... ok
test_index_publication_date_is_allowed_when_detail_has_no_footer_date (test_teda_market_research.TedaMarketResearchTests.test_index_publication_date_is_allowed_when_detail_has_no_footer_date) ... ok
test_missing_deadline_fails_closed (test_teda_market_research.TedaMarketResearchTests.test_missing_deadline_fails_closed) ... ok
test_missing_official_publication_date_is_explicitly_unsupported (test_teda_market_research.TedaMarketResearchTests.test_missing_official_publication_date_is_explicitly_unsupported) ... ok
test_nested_variant_quantities_do_not_truncate_product_name (test_teda_market_research.TedaMarketResearchTests.test_nested_variant_quantities_do_not_truncate_product_name) ... ok
test_nonmedical_early_signal_title_cannot_enter_fact_layer (test_teda_market_research.TedaMarketResearchTests.test_nonmedical_early_signal_title_cannot_enter_fact_layer) ... ok
test_title_mismatch_fails_closed (test_teda_market_research.TedaMarketResearchTests.test_title_mismatch_fails_closed) ... ok
test_unapproved_url_is_rejected (test_teda_market_research.TedaMarketResearchTests.test_unapproved_url_is_rejected) ... ok
test_default_transient_fetch_can_retry_twice_then_succeed (test_teda_sync.TedaSyncTests.test_default_transient_fetch_can_retry_twice_then_succeed) ... ok
test_discovery_deduplicates_same_article_across_pages (test_teda_sync.TedaSyncTests.test_discovery_deduplicates_same_article_across_pages) ... ok
test_minimum_request_delay_is_three_seconds (test_teda_sync.TedaSyncTests.test_minimum_request_delay_is_three_seconds) ... ok
test_missing_official_publication_date_is_explicitly_unsupported (test_teda_sync.TedaSyncTests.test_missing_official_publication_date_is_explicitly_unsupported) ... ok
test_non_retryable_fetch_fails_without_sleep (test_teda_sync.TedaSyncTests.test_non_retryable_fetch_fails_without_sleep) ... ok
test_one_required_index_page_failure_still_blocks_full_discovery_with_diagnostics (test_teda_sync.TedaSyncTests.test_one_required_index_page_failure_still_blocks_full_discovery_with_diagnostics) ... ok
test_only_transient_fetch_errors_are_retryable (test_teda_sync.TedaSyncTests.test_only_transient_fetch_errors_are_retryable) ... ok
test_parse_as_of_requires_timezone (test_teda_sync.TedaSyncTests.test_parse_as_of_requires_timezone) ... ok
test_default_plan_widens_window_within_loader_bounds (test_tianjin_candidate_selection.TianjinCandidateSelectionTests.test_default_plan_widens_window_within_loader_bounds) ... ok
test_existing_source_urls_ignore_malformed_rows (test_tianjin_candidate_selection.TianjinCandidateSelectionTests.test_existing_source_urls_ignore_malformed_rows) ... ok
test_loader_rejects_notice_types_without_verified_adapter (test_tianjin_candidate_selection.TianjinCandidateSelectionTests.test_loader_rejects_notice_types_without_verified_adapter) ... ok
test_unseen_urls_win_over_fresher_already_verified_urls (test_tianjin_candidate_selection.TianjinCandidateSelectionTests.test_unseen_urls_win_over_fresher_already_verified_urls) ... ok
test_vercel_deep_stage_uses_the_shared_unseen_first_selection (test_tianjin_candidate_selection.TianjinCandidateSelectionTests.test_vercel_deep_stage_uses_the_shared_unseen_first_selection) ... ok
test_without_existing_records_order_is_pure_recency (test_tianjin_candidate_selection.TianjinCandidateSelectionTests.test_without_existing_records_order_is_pure_recency) ... ok
test_as_of_keeps_absolute_time_and_supports_shanghai_window (test_tianjin_plan_sync.TianjinPlanSyncTests.test_as_of_keeps_absolute_time_and_supports_shanghai_window) ... ok
test_default_plan_file_is_valid_and_rate_limited (test_tianjin_plan_sync.TianjinPlanSyncTests.test_default_plan_file_is_valid_and_rate_limited) ... ok
test_default_verified_intent_file_feeds_daily_followup_planner (test_tianjin_plan_sync.TianjinPlanSyncTests.test_default_verified_intent_file_feeds_daily_followup_planner) ... ok
test_directed_followup_window_is_bounded_but_can_recover_missed_formal_notice (test_tianjin_plan_sync.TianjinPlanSyncTests.test_directed_followup_window_is_bounded_but_can_recover_missed_formal_notice) ... ok
test_load_plan_accepts_safe_tianjin_defaults (test_tianjin_plan_sync.TianjinPlanSyncTests.test_load_plan_accepts_safe_tianjin_defaults) ... ok
test_load_plan_deduplicates_keywords_before_network_queries (test_tianjin_plan_sync.TianjinPlanSyncTests.test_load_plan_deduplicates_keywords_before_network_queries) ... ok
test_load_plan_rejects_non_tianjin_region (test_tianjin_plan_sync.TianjinPlanSyncTests.test_load_plan_rejects_non_tianjin_region) ... ok
test_load_plan_rejects_notice_type_without_verified_adapter (test_tianjin_plan_sync.TianjinPlanSyncTests.test_load_plan_rejects_notice_type_without_verified_adapter) ... ok
test_load_plan_rejects_rate_limit_bypass_delay (test_tianjin_plan_sync.TianjinPlanSyncTests.test_load_plan_rejects_rate_limit_bypass_delay) ... ok
test_parse_as_of_default_is_timezone_aware (test_tianjin_plan_sync.TianjinPlanSyncTests.test_parse_as_of_default_is_timezone_aware) ... ok
test_parse_as_of_rejects_naive_timestamp (test_tianjin_plan_sync.TianjinPlanSyncTests.test_parse_as_of_rejects_naive_timestamp) ... ok
test_plan_date_window_uses_shanghai_calendar_days (test_tianjin_plan_sync.TianjinPlanSyncTests.test_plan_date_window_uses_shanghai_calendar_days) ... ok
test_publish_gate_allows_partial_verified_details (test_tianjin_plan_sync.TianjinPlanSyncTests.test_publish_gate_allows_partial_verified_details) ... ok
test_publish_gate_allows_successful_empty_search (test_tianjin_plan_sync.TianjinPlanSyncTests.test_publish_gate_allows_successful_empty_search) ... ok
test_publish_gate_blocks_when_candidates_exist_but_all_details_fail (test_tianjin_plan_sync.TianjinPlanSyncTests.test_publish_gate_blocks_when_candidates_exist_but_all_details_fail) ... ok
test_publish_gate_blocks_when_every_discovery_query_failed (test_tianjin_plan_sync.TianjinPlanSyncTests.test_publish_gate_blocks_when_every_discovery_query_failed) ... ok
test_same_detail_url_across_keywords_is_verified_once (test_tianjin_plan_sync.TianjinPlanSyncTests.test_same_detail_url_across_keywords_is_verified_once) ... ok
test_refresh_commit_has_no_local_git_cli_dependency (test_tianjin_refresh_git_data_publish.TianjinRefreshGitDataPublishTests.test_refresh_commit_has_no_local_git_cli_dependency) ... ok
test_refresh_commit_preserves_all_generated_targets (test_tianjin_refresh_git_data_publish.TianjinRefreshGitDataPublishTests.test_refresh_commit_preserves_all_generated_targets) ... ok
test_refresh_commit_uses_existing_git_data_api_publisher (test_tianjin_refresh_git_data_publish.TianjinRefreshGitDataPublishTests.test_refresh_commit_uses_existing_git_data_api_publisher) ... ok
test_workflow_keeps_contents_write_permission (test_tianjin_refresh_git_data_publish.TianjinRefreshGitDataPublishTests.test_workflow_keeps_contents_write_permission) ... ok
test_daily_deep_uses_validated_self_hosted_runner_and_system_python (test_tianjin_refresh_workflow.TianjinRefreshWorkflowTests.test_daily_deep_uses_validated_self_hosted_runner_and_system_python) ... ok
test_first_central_hospital_early_test_recruitment_runs_after_procurement (test_tianjin_refresh_workflow.TianjinRefreshWorkflowTests.test_first_central_hospital_early_test_recruitment_runs_after_procurement) ... ok
test_first_central_hospital_records_feed_public_snapshot_and_refresh_commit (test_tianjin_refresh_workflow.TianjinRefreshWorkflowTests.test_first_central_hospital_records_feed_public_snapshot_and_refresh_commit) ... ok
test_first_central_hospital_uses_shared_clock_and_bounded_verified_sync (test_tianjin_refresh_workflow.TianjinRefreshWorkflowTests.test_first_central_hospital_uses_shared_clock_and_bounded_verified_sync) ... ok
test_teda_records_feed_public_snapshot_and_refresh_commit (test_tianjin_refresh_workflow.TianjinRefreshWorkflowTests.test_teda_records_feed_public_snapshot_and_refresh_commit) ... ok
test_teda_uses_shared_authoritative_refresh_clock (test_tianjin_refresh_workflow.TianjinRefreshWorkflowTests.test_teda_uses_shared_authoritative_refresh_clock) ... ok
test_temporary_teda_probe_workflow_is_removed (test_tianjin_refresh_workflow.TianjinRefreshWorkflowTests.test_temporary_teda_probe_workflow_is_removed) ... ok
test_tjzxfc_daily_deep_uses_shared_clock_and_bounded_verified_sync (test_tianjin_refresh_workflow.TianjinRefreshWorkflowTests.test_tjzxfc_daily_deep_uses_shared_clock_and_bounded_verified_sync) ... ok
test_tjzxfc_records_feed_public_snapshot_and_refresh_commit (test_tianjin_refresh_workflow.TianjinRefreshWorkflowTests.test_tjzxfc_records_feed_public_snapshot_and_refresh_commit) ... ok
test_tjzyefy_daily_deep_uses_shared_clock_and_bounded_verified_sync (test_tianjin_refresh_workflow.TianjinRefreshWorkflowTests.test_tjzyefy_daily_deep_uses_shared_clock_and_bounded_verified_sync) ... ok
test_tjzyefy_records_feed_public_snapshot_and_refresh_commit (test_tianjin_refresh_workflow.TianjinRefreshWorkflowTests.test_tjzyefy_records_feed_public_snapshot_and_refresh_commit) ... ok
test_candidate_window_is_bounded_by_official_url_date (test_tjfch_discovery.TjfchDiscoveryTests.test_candidate_window_is_bounded_by_official_url_date) ... ok
test_index_url_is_the_current_official_procurement_column (test_tjfch_discovery.TjfchDiscoveryTests.test_index_url_is_the_current_official_procurement_column) ... ok
test_legacy_broken_tls_domain_is_not_accepted_as_official_index (test_tjfch_discovery.TjfchDiscoveryTests.test_legacy_broken_tls_domain_is_not_accepted_as_official_index) ... ok
test_official_procurement_announcements_are_discovered_and_result_notices_are_excluded (test_tjfch_discovery.TjfchDiscoveryTests.test_official_procurement_announcements_are_discovered_and_result_notices_are_excluded) ... ok
test_officially_truncated_announcement_is_admitted_for_detail_verification (test_tjfch_discovery.TjfchDiscoveryTests.test_officially_truncated_announcement_is_admitted_for_detail_verification) ... ok
test_stable_id_rejects_non_official_detail_shape (test_tjfch_discovery.TjfchDiscoveryTests.test_stable_id_rejects_non_official_detail_shape) ... ok
test_afternoon_deadline_is_normalized_to_24_hour_time (test_tjfch_procurement.TjfchProcurementTests.test_afternoon_deadline_is_normalized_to_24_hour_time) ... ok
test_detail_published_date_must_be_confirmed_on_page (test_tjfch_procurement.TjfchProcurementTests.test_detail_published_date_must_be_confirmed_on_page) ... ok
test_legacy_domain_is_rejected_even_with_valid_detail_shape (test_tjfch_procurement.TjfchProcurementTests.test_legacy_domain_is_rejected_even_with_valid_detail_shape) ... ok
test_relative_deadline_is_not_invented (test_tjfch_procurement.TjfchProcurementTests.test_relative_deadline_is_not_invented) ... ok
test_title_mismatch_fails_closed (test_tjfch_procurement.TjfchProcurementTests.test_title_mismatch_fails_closed) ... ok
test_truncated_ambiguous_candidate_resolving_to_result_is_unsupported (test_tjfch_procurement.TjfchProcurementTests.test_truncated_ambiguous_candidate_resolving_to_result_is_unsupported) ... ok
test_truncated_candidate_requires_matching_detail_title (test_tjfch_procurement.TjfchProcurementTests.test_truncated_candidate_requires_matching_detail_title) ... ok
test_truncated_index_title_recovers_full_medical_procurement_title_from_detail_title (test_tjfch_procurement.TjfchProcurementTests.test_truncated_index_title_recovers_full_medical_procurement_title_from_detail_title) ... ok
test_verified_medical_equipment_notice_becomes_bidding_record (test_tjfch_procurement.TjfchProcurementTests.test_verified_medical_equipment_notice_becomes_bidding_record) ... ok
test_default_detail_delay_is_not_below_three_seconds (test_tjfch_sync.TjfchSyncTests.test_default_detail_delay_is_not_below_three_seconds) ... ok
test_parse_as_of_requires_timezone (test_tjfch_sync.TjfchSyncTests.test_parse_as_of_requires_timezone) ... ok
test_publish_gate_allows_all_ambiguous_candidates_to_resolve_as_unsupported (test_tjfch_sync.TjfchSyncTests.test_publish_gate_allows_all_ambiguous_candidates_to_resolve_as_unsupported) ... ok
test_publish_gate_allows_partial_verified_details (test_tjfch_sync.TjfchSyncTests.test_publish_gate_allows_partial_verified_details) ... ok
test_publish_gate_allows_successful_empty_window (test_tjfch_sync.TjfchSyncTests.test_publish_gate_allows_successful_empty_window) ... ok
test_publish_gate_blocks_index_discovery_failure (test_tjfch_sync.TjfchSyncTests.test_publish_gate_blocks_index_discovery_failure) ... ok
test_publish_gate_blocks_when_all_selected_details_fail (test_tjfch_sync.TjfchSyncTests.test_publish_gate_blocks_when_all_selected_details_fail) ... ok
test_publish_gate_still_blocks_true_failure_when_other_candidate_is_unsupported (test_tjfch_sync.TjfchSyncTests.test_publish_gate_still_blocks_true_failure_when_other_candidate_is_unsupported) ... ok
test_candidate_cap_is_bounded (test_tjfch_test_discovery.TjfchTestDiscoveryTests.test_candidate_cap_is_bounded) ... ok
test_discovery_does_not_claim_url_path_date_is_publication_date (test_tjfch_test_discovery.TjfchTestDiscoveryTests.test_discovery_does_not_claim_url_path_date_is_publication_date) ... ok
test_external_and_duplicate_links_are_ignored (test_tjfch_test_discovery.TjfchTestDiscoveryTests.test_external_and_duplicate_links_are_ignored) ... ok
test_legacy_broken_tls_domain_is_rejected_as_test_index (test_tjfch_test_discovery.TjfchTestDiscoveryTests.test_legacy_broken_tls_domain_is_rejected_as_test_index) ... ok
test_official_ywgk_entry_discovers_only_test_enterprise_recruitment (test_tjfch_test_discovery.TjfchTestDiscoveryTests.test_official_ywgk_entry_discovers_only_test_enterprise_recruitment) ... ok
test_detail_publication_date_is_authoritative_not_url_path_date (test_tjfch_test_recruitment.TjfchTestRecruitmentTests.test_detail_publication_date_is_authoritative_not_url_path_date) ... ok
test_non_official_host_and_title_mismatch_fail_closed (test_tjfch_test_recruitment.TjfchTestRecruitmentTests.test_non_official_host_and_title_mismatch_fail_closed) ... ok
test_non_seven_day_or_unbounded_window_is_rejected (test_tjfch_test_recruitment.TjfchTestRecruitmentTests.test_non_seven_day_or_unbounded_window_is_rejected) ... ok
test_relative_window_is_not_converted_to_official_deadline (test_tjfch_test_recruitment.TjfchTestRecruitmentTests.test_relative_window_is_not_converted_to_official_deadline) ... ok
test_verified_test_recruitment_becomes_pre_market_record_without_fake_deadline (test_tjfch_test_recruitment.TjfchTestRecruitmentTests.test_verified_test_recruitment_becomes_pre_market_record_without_fake_deadline) ... ok
test_default_detail_delay_is_not_below_three_seconds (test_tjfch_test_sync.TjfchTestSyncTests.test_default_detail_delay_is_not_below_three_seconds) ... ok
test_only_relative_window_format_limitation_is_explicitly_unsupported (test_tjfch_test_sync.TjfchTestSyncTests.test_only_relative_window_format_limitation_is_explicitly_unsupported) ... ok
test_parse_as_of_requires_timezone (test_tjfch_test_sync.TjfchTestSyncTests.test_parse_as_of_requires_timezone) ... ok
test_script_keeps_true_failures_fail_closed_before_state_write (test_tjfch_test_sync.TjfchTestSyncTests.test_script_keeps_true_failures_fail_closed_before_state_write) ... ok
test_candidate_window_is_date_bounded (test_tjmugh_discovery.TjmughDiscoveryTests.test_candidate_window_is_date_bounded) ... ok
test_index_only_returns_supported_official_medical_equipment_notices (test_tjmugh_discovery.TjmughDiscoveryTests.test_index_only_returns_supported_official_medical_equipment_notices) ... ok
test_missing_http_charset_can_recover_gb18030_index (test_tjmugh_discovery.TjmughDiscoveryTests.test_missing_http_charset_can_recover_gb18030_index) ... ok
test_non_official_index_host_is_rejected (test_tjmugh_discovery.TjmughDiscoveryTests.test_non_official_index_host_is_rejected) ... ok
test_official_absolute_http_detail_link_is_upgraded_to_https (test_tjmugh_discovery.TjmughDiscoveryTests.test_official_absolute_http_detail_link_is_upgraded_to_https) ... ok
test_stable_id_matches_existing_seed_contract (test_tjmugh_discovery.TjmughDiscoveryTests.test_stable_id_matches_existing_seed_contract) ... ok
test_wrong_declared_utf8_can_still_recover_gb18030_body (test_tjmugh_discovery.TjmughDiscoveryTests.test_wrong_declared_utf8_can_still_recover_gb18030_body) ... ok
test_closed_market_research_is_kept_in_fact_layer_but_not_today_feed (test_tjmugh_market_research.TjmughMarketResearchTests.test_closed_market_research_is_kept_in_fact_layer_but_not_today_feed) ... ok
test_live_numeric_node_fragmentation_does_not_destroy_verified_facts (test_tjmugh_market_research.TjmughMarketResearchTests.test_live_numeric_node_fragmentation_does_not_destroy_verified_facts) ... ok
test_missing_deadline_fails_closed (test_tjmugh_market_research.TjmughMarketResearchTests.test_missing_deadline_fails_closed) ... ok
test_official_market_research_page_becomes_verified_record (test_tjmugh_market_research.TjmughMarketResearchTests.test_official_market_research_page_becomes_verified_record) ... ok
test_unapproved_host_is_rejected (test_tjmugh_market_research.TjmughMarketResearchTests.test_unapproved_host_is_rejected) ... ok
test_default_detail_delay_is_not_below_three_seconds (test_tjmugh_sync.TjmughSyncTests.test_default_detail_delay_is_not_below_three_seconds) ... ok
test_non_retryable_fetch_fails_immediately (test_tjmugh_sync.TjmughSyncTests.test_non_retryable_fetch_fails_immediately) ... ok
test_only_transient_fetch_errors_are_retryable (test_tjmugh_sync.TjmughSyncTests.test_only_transient_fetch_errors_are_retryable) ... ok
test_parse_as_of_requires_timezone (test_tjmugh_sync.TjmughSyncTests.test_parse_as_of_requires_timezone) ... ok
test_publish_gate_allows_complete_current_refresh (test_tjmugh_sync.TjmughSyncTests.test_publish_gate_allows_complete_current_refresh) ... ok
test_publish_gate_allows_partial_current_fetch_when_historical_verified_state_covers_rest (test_tjmugh_sync.TjmughSyncTests.test_publish_gate_allows_partial_current_fetch_when_historical_verified_state_covers_rest) ... ok
test_publish_gate_allows_successful_empty_index_window (test_tjmugh_sync.TjmughSyncTests.test_publish_gate_allows_successful_empty_index_window) ... ok
test_publish_gate_blocks_index_discovery_failure (test_tjmugh_sync.TjmughSyncTests.test_publish_gate_blocks_index_discovery_failure) ... ok
test_publish_gate_blocks_partial_refresh_when_selected_record_is_missing (test_tjmugh_sync.TjmughSyncTests.test_publish_gate_blocks_partial_refresh_when_selected_record_is_missing) ... ok
test_publish_gate_blocks_when_all_selected_details_fail (test_tjmugh_sync.TjmughSyncTests.test_publish_gate_blocks_when_all_selected_details_fail) ... ok
test_transient_fetch_retries_once_then_succeeds (test_tjmugh_sync.TjmughSyncTests.test_transient_fetch_retries_once_then_succeeds) ... ok
test_candidate_window_uses_official_index_date (test_tjnothop_discovery.TjnothopDiscoveryTests.test_candidate_window_uses_official_index_date) ... ok
test_index_only_returns_standard_equipment_procurement_research (test_tjnothop_discovery.TjnothopDiscoveryTests.test_index_only_returns_standard_equipment_procurement_research) ... ok
test_non_official_index_host_is_rejected (test_tjnothop_discovery.TjnothopDiscoveryTests.test_non_official_index_host_is_rejected) ... ok
test_non_procurement_news_recruitment_and_maintenance_are_excluded (test_tjnothop_discovery.TjnothopDiscoveryTests.test_non_procurement_news_recruitment_and_maintenance_are_excluded) ... ok
test_stable_id_uses_official_detail_path (test_tjnothop_discovery.TjnothopDiscoveryTests.test_stable_id_uses_official_detail_path) ... ok
test_cross_host_index_evidence_is_rejected (test_tjnothop_market_research.TjnothopMarketResearchTests.test_cross_host_index_evidence_is_rejected) ... ok
test_date_only_deadline_is_actionable_on_same_tianjin_calendar_day (test_tjnothop_market_research.TjnothopMarketResearchTests.test_date_only_deadline_is_actionable_on_same_tianjin_calendar_day) ... ok
test_date_only_deadline_is_archived_after_calendar_date_passes (test_tjnothop_market_research.TjnothopMarketResearchTests.test_date_only_deadline_is_archived_after_calendar_date_passes) ... ok
test_official_equipment_research_becomes_verified_date_only_record (test_tjnothop_market_research.TjnothopMarketResearchTests.test_official_equipment_research_becomes_verified_date_only_record) ... ok
test_precise_and_date_only_deadline_cannot_both_be_claimed (test_tjnothop_market_research.TjnothopMarketResearchTests.test_precise_and_date_only_deadline_cannot_both_be_claimed) ... ok
test_title_mismatch_between_index_and_detail_fails_closed (test_tjnothop_market_research.TjnothopMarketResearchTests.test_title_mismatch_between_index_and_detail_fails_closed) ... ok
test_default_detail_delay_is_not_below_three_seconds (test_tjnothop_sync.TjnothopSyncTests.test_default_detail_delay_is_not_below_three_seconds) ... ok
test_parse_as_of_requires_timezone (test_tjnothop_sync.TjnothopSyncTests.test_parse_as_of_requires_timezone) ... ok
test_publish_gate_allows_partial_verified_details (test_tjnothop_sync.TjnothopSyncTests.test_publish_gate_allows_partial_verified_details) ... ok
test_publish_gate_allows_successful_empty_window (test_tjnothop_sync.TjnothopSyncTests.test_publish_gate_allows_successful_empty_window) ... ok
test_publish_gate_blocks_index_discovery_failure (test_tjnothop_sync.TjnothopSyncTests.test_publish_gate_blocks_index_discovery_failure) ... ok
test_publish_gate_blocks_when_all_selected_details_fail (test_tjnothop_sync.TjnothopSyncTests.test_publish_gate_blocks_when_all_selected_details_fail) ... ok
test_current_index_contract_is_the_official_tender_notice_column (test_tjzxfc_discovery.TjzxfcDiscoveryTests.test_current_index_contract_is_the_official_tender_notice_column) ... ok
test_date_window_and_candidate_cap_are_bounded (test_tjzxfc_discovery.TjzxfcDiscoveryTests.test_date_window_and_candidate_cap_are_bounded) ... ok
test_non_official_index_host_is_rejected (test_tjzxfc_discovery.TjzxfcDiscoveryTests.test_non_official_index_host_is_rejected) ... ok
test_official_index_discovers_market_research_without_guessing_medical_scope (test_tjzxfc_discovery.TjzxfcDiscoveryTests.test_official_index_discovers_market_research_without_guessing_medical_scope) ... ok
test_stable_id_uses_official_detail_path_identity (test_tjzxfc_discovery.TjzxfcDiscoveryTests.test_stable_id_uses_official_detail_path_identity) ... ok
test_date_only_deadline_is_preserved_without_invented_time (test_tjzxfc_market_research.TjzxfcMarketResearchTests.test_date_only_deadline_is_preserved_without_invented_time) ... ok
test_generic_facility_market_research_is_rejected_by_medical_scope (test_tjzxfc_market_research.TjzxfcMarketResearchTests.test_generic_facility_market_research_is_rejected_by_medical_scope) ... ok
test_medical_equipment_preprocurement_research_becomes_verified_record (test_tjzxfc_market_research.TjzxfcMarketResearchTests.test_medical_equipment_preprocurement_research_becomes_verified_record) ... ok
test_non_official_detail_host_is_rejected (test_tjzxfc_market_research.TjzxfcMarketResearchTests.test_non_official_detail_host_is_rejected) ... ok
test_pathology_device_title_is_kept_because_detail_proves_medical_scope (test_tjzxfc_market_research.TjzxfcMarketResearchTests.test_pathology_device_title_is_kept_because_detail_proves_medical_scope) ... ok
test_title_and_publication_date_must_match_official_index_identity (test_tjzxfc_market_research.TjzxfcMarketResearchTests.test_title_and_publication_date_must_match_official_index_identity) ... ok
test_default_rate_limit_and_time_rules_are_bounded (test_tjzxfc_sync.TjzxfcSyncTests.test_default_rate_limit_and_time_rules_are_bounded) ... ok
test_non_medical_market_research_is_explicitly_unsupported (test_tjzxfc_sync.TjzxfcSyncTests.test_non_medical_market_research_is_explicitly_unsupported) ... ok
test_only_transient_fetch_errors_retry (test_tjzxfc_sync.TjzxfcSyncTests.test_only_transient_fetch_errors_retry) ... ok
test_publish_gate_blocks_index_failure_or_unresolved_detail (test_tjzxfc_sync.TjzxfcSyncTests.test_publish_gate_blocks_index_failure_or_unresolved_detail) ... ok
test_source_is_not_silently_added_to_intraday_scheduler (test_tjzxfc_sync.TjzxfcSyncTests.test_source_is_not_silently_added_to_intraday_scheduler) ... ok
test_transient_fetch_retries_once_then_succeeds (test_tjzxfc_sync.TjzxfcSyncTests.test_transient_fetch_retries_once_then_succeeds) ... ok
test_discovers_shared_medical_scope_research_but_not_generic_admin_or_intent (test_tjzyefy_discovery.TjzyefyDiscoveryTests.test_discovers_shared_medical_scope_research_but_not_generic_admin_or_intent) ... ok
test_index_host_is_fail_closed (test_tjzyefy_discovery.TjzyefyDiscoveryTests.test_index_host_is_fail_closed) ... ok
test_public_index_constant_is_official_https (test_tjzyefy_discovery.TjzyefyDiscoveryTests.test_public_index_constant_is_official_https) ... ok
test_rejects_foreign_detail_host_and_deduplicates (test_tjzyefy_discovery.TjzyefyDiscoveryTests.test_rejects_foreign_detail_host_and_deduplicates) ... ok
test_select_candidates_respects_date_window_and_limit (test_tjzyefy_discovery.TjzyefyDiscoveryTests.test_select_candidates_respects_date_window_and_limit) ... ok
test_stable_id_uses_official_url_date_and_item_id (test_tjzyefy_discovery.TjzyefyDiscoveryTests.test_stable_id_uses_official_url_date_and_item_id) ... ok
test_daily_deep_still_uses_validated_self_hosted_runner (test_tjzyefy_intent_daily_deep.TjzyefyIntentDailyDeepTests.test_daily_deep_still_uses_validated_self_hosted_runner) ... ok
test_intent_daily_deep_is_bounded_and_uses_shared_clock (test_tjzyefy_intent_daily_deep.TjzyefyIntentDailyDeepTests.test_intent_daily_deep_is_bounded_and_uses_shared_clock) ... ok
test_intent_is_daily_deep_only_not_intraday (test_tjzyefy_intent_daily_deep.TjzyefyIntentDailyDeepTests.test_intent_is_daily_deep_only_not_intraday) ... ok
test_intent_records_feed_snapshot_and_verified_data_commit (test_tjzyefy_intent_daily_deep.TjzyefyIntentDailyDeepTests.test_intent_records_feed_snapshot_and_verified_data_commit) ... ok
test_date_window_and_candidate_cap_are_bounded (test_tjzyefy_intent_discovery.TjzyefyIntentDiscoveryTests.test_date_window_and_candidate_cap_are_bounded) ... ok
test_discovery_is_broad_across_official_procurement_intents (test_tjzyefy_intent_discovery.TjzyefyIntentDiscoveryTests.test_discovery_is_broad_across_official_procurement_intents) ... ok
test_non_official_index_host_is_rejected (test_tjzyefy_intent_discovery.TjzyefyIntentDiscoveryTests.test_non_official_index_host_is_rejected) ... ok
test_stable_id_is_intent_namespaced (test_tjzyefy_intent_discovery.TjzyefyIntentDiscoveryTests.test_stable_id_is_intent_namespaced) ... ok
test_first_sync_expands_to_bounded_sixty_day_backfill_only (test_tjzyefy_intent_sync.TjzyefyIntentSyncTests.test_first_sync_expands_to_bounded_sixty_day_backfill_only) ... ok
test_intent_source_is_not_silently_added_to_intraday_scheduler (test_tjzyefy_intent_sync.TjzyefyIntentSyncTests.test_intent_source_is_not_silently_added_to_intraday_scheduler) ... ok
test_nonmedical_intent_is_explicitly_unsupported (test_tjzyefy_intent_sync.TjzyefyIntentSyncTests.test_nonmedical_intent_is_explicitly_unsupported) ... ok
test_only_transient_fetch_errors_retry (test_tjzyefy_intent_sync.TjzyefyIntentSyncTests.test_only_transient_fetch_errors_retry) ... ok
test_publish_gate_blocks_index_or_unresolved_detail_failure (test_tjzyefy_intent_sync.TjzyefyIntentSyncTests.test_publish_gate_blocks_index_or_unresolved_detail_failure) ... ok
test_rate_limit_and_time_rules_are_bounded (test_tjzyefy_intent_sync.TjzyefyIntentSyncTests.test_rate_limit_and_time_rules_are_bounded) ... ok
test_transient_fetch_retries_once_then_succeeds (test_tjzyefy_intent_sync.TjzyefyIntentSyncTests.test_transient_fetch_retries_once_then_succeeds) ... ok
test_real_legacy_tianjin_procurement_site_wording_is_preserved (test_tjzyefy_live_followup_wording.TjzyefyLiveFollowupWordingTests.test_real_legacy_tianjin_procurement_site_wording_is_preserved) ... ok
test_date_only_deadline_does_not_invent_time (test_tjzyefy_market_research.TjzyefyMarketResearchTests.test_date_only_deadline_does_not_invent_time) ... ok
test_foreign_host_is_rejected (test_tjzyefy_market_research.TjzyefyMarketResearchTests.test_foreign_host_is_rejected) ... ok
test_parses_consumable_research (test_tjzyefy_market_research.TjzyefyMarketResearchTests.test_parses_consumable_research) ... ok
test_parses_lc_ms_maintenance_without_inventing_generic_category (test_tjzyefy_market_research.TjzyefyMarketResearchTests.test_parses_lc_ms_maintenance_without_inventing_generic_category) ... ok
test_parses_multi_device_research_with_exact_deadline (test_tjzyefy_market_research.TjzyefyMarketResearchTests.test_parses_multi_device_research_with_exact_deadline) ... ok
test_procurement_intent_is_not_relabelled_market_research (test_tjzyefy_market_research.TjzyefyMarketResearchTests.test_procurement_intent_is_not_relabelled_market_research) ... ok
test_title_and_publication_date_mismatch_fail_closed (test_tjzyefy_market_research.TjzyefyMarketResearchTests.test_title_and_publication_date_mismatch_fail_closed) ... ok
test_air_pressure_therapy_device_is_medical_without_generic_equipment_words (test_tjzyefy_procurement_intent.TjzyefyProcurementIntentTests.test_air_pressure_therapy_device_is_medical_without_generic_equipment_words) ... ok
test_explicit_ceb_followup_instruction_is_preserved (test_tjzyefy_procurement_intent.TjzyefyProcurementIntentTests.test_explicit_ceb_followup_instruction_is_preserved) ... ok
test_medical_equipment_intent_becomes_verified_pre_market_record (test_tjzyefy_procurement_intent.TjzyefyProcurementIntentTests.test_medical_equipment_intent_becomes_verified_pre_market_record) ... ok
test_non_official_detail_host_is_rejected (test_tjzyefy_procurement_intent.TjzyefyProcurementIntentTests.test_non_official_detail_host_is_rejected) ... ok
test_nonmedical_intent_is_rejected_after_broad_discovery (test_tjzyefy_procurement_intent.TjzyefyProcurementIntentTests.test_nonmedical_intent_is_rejected_after_broad_discovery) ... ok
test_platform_name_without_project_followup_instruction_is_not_preserved (test_tjzyefy_procurement_intent.TjzyefyProcurementIntentTests.test_platform_name_without_project_followup_instruction_is_not_preserved) ... ok
test_sterilizer_title_is_medical_without_generic_medical_equipment_words (test_tjzyefy_procurement_intent.TjzyefyProcurementIntentTests.test_sterilizer_title_is_medical_without_generic_medical_equipment_words) ... ok
test_title_and_official_publication_date_must_match (test_tjzyefy_procurement_intent.TjzyefyProcurementIntentTests.test_title_and_official_publication_date_must_match) ... ok
test_generic_title_does_not_bypass_body_verification (test_tjzyefy_structured_compute_research.TjzyefyStructuredComputeResearchTests.test_generic_title_does_not_bypass_body_verification) ... ok
test_structured_medical_compute_research_is_grounded (test_tjzyefy_structured_compute_research.TjzyefyStructuredComputeResearchTests.test_structured_medical_compute_research_is_grounded) ... ok
test_structured_nonmedical_compute_body_is_rejected (test_tjzyefy_structured_compute_research.TjzyefyStructuredComputeResearchTests.test_structured_nonmedical_compute_body_is_rejected) ... ok
test_minimum_delay_and_procurement_intent_boundary_are_explicit (test_tjzyefy_sync.TjzyefySyncTests.test_minimum_delay_and_procurement_intent_boundary_are_explicit) ... ok
test_only_transient_fetch_errors_are_retryable (test_tjzyefy_sync.TjzyefySyncTests.test_only_transient_fetch_errors_are_retryable) ... ok
test_parse_as_of_requires_timezone (test_tjzyefy_sync.TjzyefySyncTests.test_parse_as_of_requires_timezone) ... ok
test_publish_gate_allows_complete_or_historically_covered_refresh (test_tjzyefy_sync.TjzyefySyncTests.test_publish_gate_allows_complete_or_historically_covered_refresh) ... ok
test_publish_gate_blocks_index_failure (test_tjzyefy_sync.TjzyefySyncTests.test_publish_gate_blocks_index_failure) ... ok
test_publish_gate_blocks_unresolved_supported_detail (test_tjzyefy_sync.TjzyefySyncTests.test_publish_gate_blocks_unresolved_supported_detail) ... ok
test_source_is_not_silently_added_to_intraday_scheduler (test_tjzyefy_sync.TjzyefySyncTests.test_source_is_not_silently_added_to_intraday_scheduler) ... ok
test_transient_fetch_retries_once_then_succeeds (test_tjzyefy_sync.TjzyefySyncTests.test_transient_fetch_retries_once_then_succeeds) ... ok
test_attention_sort_is_stable_inside_each_feedback_tier (test_today_feedback_attention.TodayFeedbackAttentionTests.test_attention_sort_is_stable_inside_each_feedback_tier) ... ok
test_feedback_changes_today_attention_without_mutating_full_pool (test_today_feedback_attention.TodayFeedbackAttentionTests.test_feedback_changes_today_attention_without_mutating_full_pool) ... ok
test_today_private_state_indexes_fail_closed_instead_of_silently_truncating (test_today_feedback_attention.TodayFeedbackAttentionTests.test_today_private_state_indexes_fail_closed_instead_of_silently_truncating) ... ok
test_today_private_state_uses_one_database_roundtrip (test_today_feedback_attention.TodayFeedbackAttentionTests.test_today_private_state_uses_one_database_roundtrip) ... ok
test_default_today_projects_out_full_pool_and_keeps_only_intent_summary (test_today_light_response.TodayLightResponseTests.test_default_today_projects_out_full_pool_and_keeps_only_intent_summary) ... ok
test_full_pool_alias_reuses_same_private_function (test_today_light_response.TodayLightResponseTests.test_full_pool_alias_reuses_same_private_function) ... ok
test_internal_core_retains_original_full_pool_business_payload (test_today_light_response.TodayLightResponseTests.test_internal_core_retains_original_full_pool_business_payload) ... ok
test_opportunity_pool_keeps_explicit_full_pool_load_profile (test_today_light_response.TodayLightResponseTests.test_opportunity_pool_keeps_explicit_full_pool_load_profile) ... ok
test_real_pilot_uses_isolated_full_pool_delegate_only_for_pool_load_profile (test_today_light_response.TodayLightResponseTests.test_real_pilot_uses_isolated_full_pool_delegate_only_for_pool_load_profile) ... ok
test_confirmed_followup_response_is_reused_only_once (test_today_mutation_reuse.TodayMutationReuseTests.test_confirmed_followup_response_is_reused_only_once) ... ok
test_detail_mutation_response_reuses_server_confirmed_state_once (test_today_mutation_reuse.TodayMutationReuseTests.test_detail_mutation_response_reuses_server_confirmed_state_once) ... ok
test_formal_window_nudge_forces_only_next_primary_today_read_authoritative (test_today_mutation_reuse.TodayMutationReuseTests.test_formal_window_nudge_forces_only_next_primary_today_read_authoritative) ... ok
test_local_today_visibility_matches_server_followup_rules (test_today_mutation_reuse.TodayMutationReuseTests.test_local_today_visibility_matches_server_followup_rules) ... ok
test_mutation_reuse_expires_quickly_instead_of_becoming_long_lived_cache (test_today_mutation_reuse.TodayMutationReuseTests.test_mutation_reuse_expires_quickly_instead_of_becoming_long_lived_cache) ... ok
test_ui_preference_table_is_owned_by_private_schema_bootstrap (test_today_preference_schema_pressure.TodayPreferenceSchemaPressureTests.test_ui_preference_table_is_owned_by_private_schema_bootstrap) ... ok
test_auxiliary_auth_failure_still_redirects (test_today_request_pressure.TodayRequestPressureTests.test_auxiliary_auth_failure_still_redirects) ... ok
test_reminders_do_not_block_primary_today_loading (test_today_request_pressure.TodayRequestPressureTests.test_reminders_do_not_block_primary_today_loading) ... ok
test_runtime_health_starts_with_today_but_is_not_awaited (test_today_request_pressure.TodayRequestPressureTests.test_runtime_health_starts_with_today_but_is_not_awaited) ... ok
test_expired_registration_is_not_immediate_public_opportunity (test_validation.EvidencePipelineTests.test_expired_registration_is_not_immediate_public_opportunity) ... ok
test_final_day_cutoff_uses_exact_official_time (test_validation.EvidencePipelineTests.test_final_day_cutoff_uses_exact_official_time) ... ok
test_non_ccgp_host_cannot_claim_ccgp_source (test_validation.EvidencePipelineTests.test_non_ccgp_host_cannot_claim_ccgp_source) ... ok
test_product_specificity_does_not_reward_conflicted_category (test_validation.EvidencePipelineTests.test_product_specificity_does_not_reward_conflicted_category) ... ok
test_product_specificity_does_not_reward_generic_equipment_title (test_validation.EvidencePipelineTests.test_product_specificity_does_not_reward_generic_equipment_title) ... ok
test_product_specificity_uses_verified_specific_title_when_items_missing (test_validation.EvidencePipelineTests.test_product_specificity_uses_verified_specific_title_when_items_missing) ... ok
test_public_snapshot_has_no_demo_customer_relationship (test_validation.EvidencePipelineTests.test_public_snapshot_has_no_demo_customer_relationship) ... ok
test_ranking_v2_late_window_intervention_is_reduced (test_validation.EvidencePipelineTests.test_ranking_v2_late_window_intervention_is_reduced) ... ok
test_ranking_v2_public_score_contract (test_validation.EvidencePipelineTests.test_ranking_v2_public_score_contract) ... ok
test_source_category_conflict_is_preserved_but_not_rewarded (test_validation.EvidencePipelineTests.test_source_category_conflict_is_preserved_but_not_rewarded) ... ok
test_today_actions_exposes_all_actionable_count_but_only_top_five_cards (test_validation.EvidencePipelineTests.test_today_actions_exposes_all_actionable_count_but_only_top_five_cards) ... ok
test_unsupported_critical_fact_is_rejected (test_validation.EvidencePipelineTests.test_unsupported_critical_fact_is_rejected) ... ok
test_verified_seed_passes (test_validation.EvidencePipelineTests.test_verified_seed_passes) ... ok
test_award_stage_catches_every_failure_and_carries_the_store_forward (test_vercel_award_runtime.VercelAwardRuntimeTests.test_award_stage_catches_every_failure_and_carries_the_store_forward) ... ok
test_award_stage_reuses_the_verified_sync_and_bootstraps_from_bundled_store (test_vercel_award_runtime.VercelAwardRuntimeTests.test_award_stage_reuses_the_verified_sync_and_bootstraps_from_bundled_store) ... ok
test_award_stage_runs_after_event_watch_and_before_institution_stages (test_vercel_award_runtime.VercelAwardRuntimeTests.test_award_stage_runs_after_event_watch_and_before_institution_stages) ... ok
test_award_store_lives_in_the_isolated_v2_namespace (test_vercel_award_runtime.VercelAwardRuntimeTests.test_award_store_lives_in_the_isolated_v2_namespace) ... ok
test_event_watch_skips_projects_that_already_have_a_published_result (test_vercel_award_runtime.VercelAwardRuntimeTests.test_event_watch_skips_projects_that_already_have_a_published_result) ... ok
test_publish_treats_awards_as_optional_input (test_vercel_award_runtime.VercelAwardRuntimeTests.test_publish_treats_awards_as_optional_input) ... ok
test_discovery_continuation_reuses_existing_discover_function (test_vercel_hobby_budget.VercelHobbyBudgetTests.test_discovery_continuation_reuses_existing_discover_function) ... ok
test_legacy_frontend_paths_rewrite_to_consolidated_routers (test_vercel_hobby_budget.VercelHobbyBudgetTests.test_legacy_frontend_paths_rewrite_to_consolidated_routers) ... ok
test_main_git_push_updates_production_bundle (test_vercel_hobby_budget.VercelHobbyBudgetTests.test_main_git_push_updates_production_bundle) ... ok
test_private_api_routes_are_consolidated (test_vercel_hobby_budget.VercelHobbyBudgetTests.test_private_api_routes_are_consolidated) ... ok
test_serverless_function_count_keeps_one_spare_hobby_slot (test_vercel_hobby_budget.VercelHobbyBudgetTests.test_serverless_function_count_keeps_one_spare_hobby_slot) ... ok
test_no_duplicate_v2_queue_function_is_configured (test_vercel_queue_triggers.VercelQueueTriggerTests.test_no_duplicate_v2_queue_function_is_configured) ... ok
test_queue_trigger_is_bound_to_v2_topic (test_vercel_queue_triggers.VercelQueueTriggerTests.test_queue_trigger_is_bound_to_v2_topic) ... ok
test_completed_regional_stage_replays_when_v3_cache_shard_is_missing (test_vercel_regional_runtime.VercelRegionalRuntimeTests.test_completed_regional_stage_replays_when_v3_cache_shard_is_missing) ... ok
test_each_regional_primary_and_fallback_runs_before_publish (test_vercel_regional_runtime.VercelRegionalRuntimeTests.test_each_regional_primary_and_fallback_runs_before_publish) ... ok
test_every_regional_fallback_is_a_separate_bounded_queue_stage (test_vercel_regional_runtime.VercelRegionalRuntimeTests.test_every_regional_fallback_is_a_separate_bounded_queue_stage) ... ok
test_fallback_stage_map_does_not_duplicate_publish_market_map (test_vercel_regional_runtime.VercelRegionalRuntimeTests.test_fallback_stage_map_does_not_duplicate_publish_market_map) ... ok
test_publish_gets_one_narrow_cache_migration_retry_and_names_missing_state (test_vercel_regional_runtime.VercelRegionalRuntimeTests.test_publish_gets_one_narrow_cache_migration_retry_and_names_missing_state) ... ok
test_publish_includes_market_sharded_regional_canonical_records (test_vercel_regional_runtime.VercelRegionalRuntimeTests.test_publish_includes_market_sharded_regional_canonical_records) ... ok
test_regional_cache_bootstraps_only_the_current_market (test_vercel_regional_runtime.VercelRegionalRuntimeTests.test_regional_cache_bootstraps_only_the_current_market) ... ok
test_regional_runtime_is_bounded_per_market (test_vercel_regional_runtime.VercelRegionalRuntimeTests.test_regional_runtime_is_bounded_per_market) ... ok
test_stage_completion_merges_latest_runtime_state (test_vercel_regional_runtime.VercelRegionalRuntimeTests.test_stage_completion_merges_latest_runtime_state) ... ok
test_stale_running_regional_stage_can_replay_only_for_known_migration_failure (test_vercel_regional_runtime.VercelRegionalRuntimeTests.test_stale_running_regional_stage_can_replay_only_for_known_migration_failure) ... ok
test_timeout_split_recovery_is_narrow_for_regional_primaries (test_vercel_regional_runtime.VercelRegionalRuntimeTests.test_timeout_split_recovery_is_narrow_for_regional_primaries) ... ok
test_collector_and_public_api_share_published_snapshot_key (test_vercel_serving_snapshot_bridge.VercelServingSnapshotBridgeTests.test_collector_and_public_api_share_published_snapshot_key) ... ok
test_collector_publish_persists_snapshot_before_serving_ack (test_vercel_serving_snapshot_bridge.VercelServingSnapshotBridgeTests.test_collector_publish_persists_snapshot_before_serving_ack) ... ok
test_collector_publish_writes_serving_key_without_ttl (test_vercel_serving_snapshot_bridge.VercelServingSnapshotBridgeTests.test_collector_publish_writes_serving_key_without_ttl) ... ok
test_legacy_collector_key_remains_separate_from_serving_key (test_vercel_serving_snapshot_bridge.VercelServingSnapshotBridgeTests.test_legacy_collector_key_remains_separate_from_serving_key) ... ok
test_publish_requires_teda_and_uses_authoritative_cycle_clock (test_vercel_teda_runtime.VercelTedaRuntimeTests.test_publish_requires_teda_and_uses_authoritative_cycle_clock) ... ok
test_teda_cache_is_namespaced_v2 (test_vercel_teda_runtime.VercelTedaRuntimeTests.test_teda_cache_is_namespaced_v2) ... ok
test_teda_failure_blocks_before_canonical_cache_write (test_vercel_teda_runtime.VercelTedaRuntimeTests.test_teda_failure_blocks_before_canonical_cache_write) ... ok
test_teda_index_failure_keeps_bounded_page_level_diagnostics (test_vercel_teda_runtime.VercelTedaRuntimeTests.test_teda_index_failure_keeps_bounded_page_level_diagnostics) ... ok
test_teda_is_a_first_class_runtime_stage_before_downstream_publish (test_vercel_teda_runtime.VercelTedaRuntimeTests.test_teda_is_a_first_class_runtime_stage_before_downstream_publish) ... ok
test_teda_reuses_verified_sync_fetch_and_parser_contract (test_vercel_teda_runtime.VercelTedaRuntimeTests.test_teda_reuses_verified_sync_fetch_and_parser_contract) ... ok
test_publish_requires_tjfch_and_uses_authoritative_cycle_clock (test_vercel_tjfch_runtime.VercelTjfchRuntimeTests.test_publish_requires_tjfch_and_uses_authoritative_cycle_clock) ... ok
test_tjfch_cache_is_namespaced_v2 (test_vercel_tjfch_runtime.VercelTjfchRuntimeTests.test_tjfch_cache_is_namespaced_v2) ... ok
test_tjfch_is_a_first_class_runtime_stage_between_teda_and_publish (test_vercel_tjfch_runtime.VercelTjfchRuntimeTests.test_tjfch_is_a_first_class_runtime_stage_between_teda_and_publish) ... ok
test_tjfch_policy_recovery_retry_is_narrowly_scoped (test_vercel_tjfch_runtime.VercelTjfchRuntimeTests.test_tjfch_policy_recovery_retry_is_narrowly_scoped) ... ok
test_tjfch_reuses_verified_procurement_and_early_signal_parsers (test_vercel_tjfch_runtime.VercelTjfchRuntimeTests.test_tjfch_reuses_verified_procurement_and_early_signal_parsers) ... ok
test_tjfch_true_failure_from_either_feed_blocks_before_cache_write (test_vercel_tjfch_runtime.VercelTjfchRuntimeTests.test_tjfch_true_failure_from_either_feed_blocks_before_cache_write) ... ok
test_ai_and_outreach_clients_explain_server_freshness_rejection (test_verified_snapshot_automation_guard.VerifiedSnapshotAutomationGuardTests.test_ai_and_outreach_clients_explain_server_freshness_rejection) ... ok
test_both_daily_refreshes_can_publish_and_roundtrip_the_combined_snapshot (test_verified_snapshot_automation_guard.VerifiedSnapshotAutomationGuardTests.test_both_daily_refreshes_can_publish_and_roundtrip_the_combined_snapshot) ... ok
test_private_ai_wrapper_rejects_stale_invalid_and_future_snapshot_before_opportunity_use (test_verified_snapshot_automation_guard.VerifiedSnapshotAutomationGuardTests.test_private_ai_wrapper_rejects_stale_invalid_and_future_snapshot_before_opportunity_use) ... ok
test_runtime_publish_lane_is_distinct_from_tianjin_only_collector_and_monotonic (test_verified_snapshot_automation_guard.VerifiedSnapshotAutomationGuardTests.test_runtime_publish_lane_is_distinct_from_tianjin_only_collector_and_monotonic) ... ok
test_same_origin_publish_endpoint_fails_closed_and_readback_is_not_cdn_cached (test_verified_snapshot_automation_guard.VerifiedSnapshotAutomationGuardTests.test_same_origin_publish_endpoint_fails_closed_and_readback_is_not_cdn_cached) ... ok

----------------------------------------------------------------------
Ran 872 tests in 1.348s

OK
Serverless entrypoints: PASS (11/12 functions)
Verified snapshot checks: PASS
Medical channel scope checks: PASS
Private profile IVD matching and grounded outreach: PASS
AI deterministic action selector contract: PASS
AI provider hedge/timeout strategy: PASS
Snapshot memo + AI prewarm boundary: PASS
API request budget checks: PASS
Snapshot client dedupe check passed.
Shared rate limit check passed.
Relative registration window boundary checks: PASS
Runtime opportunity time boundary: PASS
legal windows check passed (410/414 cards carry windows)
PR74 server evidence boundary: PASS
PR74 browser and rendered UI evidence boundary: PASS
PR74 browser price and market boundary: PASS
DATABASE rejects old derived closure and returns safe data: PASS
REMOTE rejects old derived closure and returns safe data: PASS
RUNTIME_CACHE rejects old derived closure and returns safe data: PASS
BUNDLE rejects old derived closure and returns safe data: PASS
DATABASE legacy zero retirement: PASS
REMOTE legacy zero retirement: PASS
RUNTIME_CACHE legacy zero retirement: PASS
DATABASE current explicit evidence: PASS
REMOTE current explicit evidence: PASS
RUNTIME_CACHE current explicit evidence: PASS
API rejects a legacy already-retired pool: PASS
API masks total/package/unit and card/pool/ledger windows: PASS
API preserves explicit total/package/unit evidence: PASS
STATIC and POOL legacy without retired projects: PASS
STATIC and POOL current explicit evidence: PASS
PR77 legacy evidence read paths: PASS
API verified source -> mutation JSON -> followed list/exact/history -> same-market award: PASS
API stored market survives server sanitizer and historical projection: PASS
API strict facts accepts only legacy or optional nullable market extension: PASS
Local actual persist -> JSON read -> followed list/exact/history -> same-market award: PASS
Local saved market survives reload without current source-card backfill: PASS
Missing/legacy market remains unmatched despite TJ id/region/buyer cues: PASS
Same-number different markets and marketless award entries never substitute: PASS
Historical projection changes only market field; other snapshot facts preserved: PASS
Followed market-chain regression: 8 cases, 0 failures
device family parity ok (40 vectors, 0 reference rows)
Mobile-first UI checks: PASS
Pre-market signal UI contract: PASS
Procurement intent followup summary: PASS
Safe telephone dialing checks: PASS
Trial outreach budget parity: PASS
Radar account isolation checks: PASS
Continuation account isolation checks: PASS
Pilot cross-tab session isolation checks: PASS
Immutable account local-scope checks: PASS
Local profile migration consumption checks: PASS
Runtime status checks: PASS
AI boundary checks: PASS
Source-quality matching boundary checks: PASS
Prebuild verification: PASS
vite v7.3.2 building client environment for production...
transforming...
✓ 1948 modules transformed.
rendering chunks...
[plugin vite:reporter] 
(!) /workspace/medical-pr77-final-build-20261004/web/src/services/localFollowupStore.ts is dynamically imported by /workspace/medical-pr77-final-build-20261004/web/src/components/layout/AppLayout.tsx but also statically imported by /workspace/medical-pr77-final-build-20261004/web/src/pages/OpportunityDetailPage.tsx, /workspace/medical-pr77-final-build-20261004/web/src/pages/OpportunityPoolPage.tsx, /workspace/medical-pr77-final-build-20261004/web/src/services/StaticSnapshotTodayActionsService.ts, /workspace/medical-pr77-final-build-20261004/web/src/services/followedApi.ts, /workspace/medical-pr77-final-build-20261004/web/src/services/outcomeSummaryApi.ts, /workspace/medical-pr77-final-build-20261004/web/src/services/reminderApi.ts, /workspace/medical-pr77-final-build-20261004/web/src/services/verifiedOpportunityPool.ts, dynamic import will not move module into another chunk.

computing gzip size...
dist/index.html                                              0.62 kB │ gzip:   0.38 kB
dist/assets/index-BblLVGwq.css                              45.24 kB │ gzip:   8.72 kB
dist/assets/external-link-BDTRhifJ.js                        0.25 kB │ gzip:   0.20 kB
dist/assets/triangle-alert-_nI3ToHQ.js                       0.27 kB │ gzip:   0.22 kB
dist/assets/bookmark-plus-XhL4p2as.js                        0.31 kB │ gzip:   0.24 kB
dist/assets/shield-check-Hn_99DNI.js                         0.32 kB │ gzip:   0.25 kB
dist/assets/gavel-DyVDrB6P.js                                0.32 kB │ gzip:   0.23 kB
dist/assets/save-CnBS0V-f.js                                 0.33 kB │ gzip:   0.23 kB
dist/assets/search-DCRUzf8S.js                               0.38 kB │ gzip:   0.28 kB
dist/assets/trash-2-G9jzceWW.js                              0.43 kB │ gzip:   0.26 kB
dist/assets/verifiedSnapshotClient-nMM28o1g.js               2.35 kB │ gzip:   1.16 kB
dist/assets/profileApi-D1pZ-CAq.js                           3.06 kB │ gzip:   1.06 kB
dist/assets/RuntimeTrialTodayActionsService-ndpuSvYH.js      3.14 kB │ gzip:   1.42 kB
dist/assets/discoveryContinuationLedger-VsL9LFiw.js          4.62 kB │ gzip:   1.70 kB
dist/assets/verifiedOpportunityPool-CGLYVKb1.js              6.71 kB │ gzip:   2.63 kB
dist/assets/LoginPage-BRYbmmA9.js                            6.85 kB │ gzip:   2.81 kB
dist/assets/localCustomerProfile-D18BtuF4.js                 7.99 kB │ gzip:   3.11 kB
dist/assets/aiDecisionApi-DvsRgh1L.js                        8.16 kB │ gzip:   3.54 kB
dist/assets/OfficialNoticeBanner-CuvSSFR7.js                 8.70 kB │ gzip:   3.48 kB
dist/assets/TargetHospitalsPage-DV9bjQyj.js                  9.43 kB │ gzip:   3.62 kB
dist/assets/ResourcesPage-DhlfFE_4.js                       10.08 kB │ gzip:   3.21 kB
dist/assets/OutreachDrawer-FtEFDhyR.js                      12.16 kB │ gzip:   4.72 kB
dist/assets/StaticSnapshotTodayActionsService-Bj8CZPcV.js   12.27 kB │ gzip:   5.13 kB
dist/assets/MockTodayActionsService-vsPexkBS.js             13.13 kB │ gzip:   5.00 kB
dist/assets/followedApi-Ccut4M6d.js                         14.65 kB │ gzip:   4.97 kB
dist/assets/ProcurementIntentFollowupPage-B4ZtwCd6.js       20.26 kB │ gzip:   7.85 kB
dist/assets/FollowedPage-D6YfmjwP.js                        21.73 kB │ gzip:   7.70 kB
dist/assets/PilotResourcesPage-Cqu5KmHq.js                  23.18 kB │ gzip:   6.76 kB
dist/assets/OpportunityPoolPage-Bh3bWEKM.js                 24.81 kB │ gzip:   8.23 kB
dist/assets/OpportunityDetailPage-Coyn6aK1.js               52.86 kB │ gzip:  16.75 kB
dist/assets/DiscoveryRadarRoute-DiyN_paT.js                 58.22 kB │ gzip:  17.58 kB
dist/assets/index-B6EcbgXa.js                              361.07 kB │ gzip: 116.37 kB
✓ built in 4.97s
finish_utc=2026-10-04T14:16:47.115088+00:00
exit_code=0
